customer_id,name,email,phone,company,gst,city,state,country,zip,amount,created
C00083,Tara Thompson,tracytaylor@example.com,890.950.7236x887,Mckinney-Wallace,22KFKBY4114W1Z3,West Antonio,Iowa,India,70966,43662.15,2025-03-12
C00493,Todd Jacobson,christopherjackson@example.net,001-810-273-2283,"Mills, Nelson and Norton",36XMFJP2245D1Z5,Clarkfurt,Illinois,India,69678,61425.14,2025-03-15
C00237,Daniel Ward,jean87@example.net,225-552-1376,Peterson-Wagner,32FRXTW8267A1ZC,Crystalbury,Georgia,Sao Tome and Principe,99264,32278.97,2025-09-15
C00292,  Laura Robinson  ,sarah80@example.com,+1-770-450-9754x510,Gomez-Garcia,21FMFHG1298J1Z6,Martinezfort ,Alabama,India,20899,95121.81,2026-03-20
C00404,Charles Wright,andersoneric@example.net,400.493.4596x2622,Koch-Rodriguez,14KBFNT2789Z1Z2,Reginaview,South Carolina,India,42584,67016.41,2024-08-22
C00273,Casey James,shawn68@example.net,815.827.3230x0857,Waller-Brooks,15FTPLE3504A1ZC,North Paulshire,Hawaii,India,25958,77307.52,2026-03-15
C00194,Elizabeth Barnes,jamesdowns@example.org,+1-958-983-7340x312,Moore Inc,21DPXSN8056B1ZE,Matthewmouth,Arizona,India,14187,41263.97,2026-02-26
C00186,Jessica Roberts,ureyes@example.net,+1-801-985-6945x44149,"Curry, Navarro and Chapman",26MHVRS8486L1ZA,Amytown,California,American Samoa,54404,41056.86,2024-10-14
C00318,Matthew Parker,anunez@example.com,4008258955,Peters Group,21MNPZD2108Z1ZA,Andersonfurt,Washington,India,23270,47066.49,2025-06-09
C00252,Alyssa Reynolds,watkinsconnie@example.com,931-373-5058x319,"Griffin, Martinez and Villegas",34CYUSE6062Y1Z5,North Samantha,New Hampshire,India,07682,18222.42,2025-03-22
C00485,Shannon Manning,alyssa89@example.net,+1-736-207-9848x704,Lawrence-Hanna,37EEADM8109K1Z5,West Mary,Iowa,India,59387,85810.24,2025-02-21
C00276,Cody Taylor,hwhite@example.com,001-932-330-2346,"Martin, Carter and Gray",24REVBL5961P1Z3,Washingtonville,Alabama,India,08503,35259.03,2025-02-22
C00418,Taylor Flores,CHASE25@EXAMPLE.NET,389.521.8785,"Bailey, Park and Bray",22ODRKD8007D1Z5,Crawfordchester,California,India,22959,66958.66,2024-08-17
C00028,Rebecca Pearson MD,martineztammy@example.com,371-987-0262,Morgan-Schwartz,13PFVRI6947Y1Z4,Courtneyfort,Ohio,India,05206,24163.07,2025-11-22
C00259,Dale Roy,brobinson@example.com,001-925-748-1214,Silva Group,13GNVBC6655D1Z8,Ortizfort,Massachusetts,India,36286,67853.97,2025-05-23
C00103,James Oconnor,nicolesnyder@example.com,(286)717-9327x104,Lynn-Jones,18KYKUE9540J1Z0,West Brookefort,Virginia,India,04563,27532.28,2025-07-01
C00131,Aaron Carlson,torreskaitlin@example.net,(436)282-2239x431,"Murray, Dunn and Roberts",12EQGMU5569L1Z9,Lynnstad,Florida,India,88489,46524.38,2025-12-22
C00306,Valerie Durham,jasonwalker@example.net,(312)960-6501,"Harrell, Johnson and Diaz",17FPEAK8391A1Z6,Port Ian,West Virginia,Burundi,98556,41548.2,2025-09-13
C00119,Tommy Moore,epruitt@example.net,+1-272-396-5902x77167,Pena-Smith,34RHXVK1508U1Z2,Lake Morgan,North Dakota,India,69065,2135.96,2026-01-16
C00061,Tyler Miller,vdouglas@example.com,538.548.4219,Santiago PLC,30OOODG9666A1ZA,Jenniferville,Utah,India,18519,55504.77,2024-08-04
C00056,Anthony Dougherty,kwright@example.com,001-953-227-8774,Landry PLC,17DPNLW5351D1Z7,West Troyfort,Maine,India,70846,64585.53,2024-08-06
C00020,Robert Peterson,angela83@example.org,367.683.7770,Sullivan and Sons,26TQLXE9085J1ZC,Ronaldside,Michigan,Guinea,92625,86124.18,2025-07-18
C00337,Marc Yoder,BRIAN62@EXAMPLE.COM,+1-907-787-0104x15914,Martinez PLC,35RGVTD8179S1ZB,New Douglas,West Virginia,India,65421,23675.94,2024-11-13
C00110,James Martin,mercedesholland@example.net,246.580.0722,Franklin-Hahn,35TTPRB4613Y1Z0,Stephenborough,New Jersey,India,40103,43640.01,2026-01-07
C00173,Jennifer Williams,ann30@example.net,244.314.4885,"Cook, Foster and Carroll",29BLMVV4920R1ZF,Hendrickston,Tennessee,India,18294,1466.08,2025-08-08
C00096,Lauren Moore,shannonedwards@example.org,+1-453-674-7411,"Terry, Williams and Huff",22UJFTP4997W1ZE,Palmerport,Kentucky,India,23290,653.93,2024-08-24
BAD1,"",not-an-email,abc,,INVALID,,"",??,xx,-50.0,not-a-date
BAD5,"",not-an-email,abc,,INVALID,,"",??,xx,-50.0,not-a-date
C00283,Frank Moody,hornjenna@example.com,+1-329-427-7423x3305,Clements-Simmons,30KDGWE3827L1ZB,North Tinamouth,Pennsylvania,India,57362,43832.05,2024-11-23
C00498,April Lee,oconnorjennifer@example.com,549-536-9995x167,Williams-Rogers,32EWPIV3527F1Z7,South Susan,Alaska,India,90905,10744.44,2024-09-28
C00265,Morgan Ellis,hollydavis@example.net,8323484137,Jones-Garcia,11XXUAC8147K1ZA,Jaredton,New Jersey,India,04002,7878.47,2024-09-25
C00396,Christopher Bates,sue79@example.com,001-843-847-4524x55574,Smith-Case,31DAWPZ5331I1Z0,Wangtown,Virginia,India,27005,24727.26,2025-01-09
C00104,Carmen Preston,brianrivera@example.org,(288)744-4310x69872,Patterson LLC,12QOMEM5681G1Z2,East Georgeport,Colorado,India,62572,32038.99,2026-05-17
C00371,Kevin Murphy,ruth80@example.net,904-976-0440x907,Wells Ltd,23WIZGC5067X1ZF,New Patriciaberg,Virginia,Saint Pierre and Miquelon,23688,93381.78,2026-06-07
C00315,Emily Hernandez,fpeck@example.com,364-280-7279,Reese and Sons,29ASIXK9782M1ZA,Robinsonborough,Illinois,India,89581,57547.24,2025-10-22
C00362,Pamela Tran,stonemichael@example.org,(586)534-2556,Johnson Inc,11WHGGZ5336Y1Z1,Williamsport,Maryland,Anguilla,30648,41717.02,2025-12-03
C00181,Kayla Abbott,bryan80@example.org,001-885-814-0369x656,Gardner-Bates,20EIMJY9903X1Z7,Mooreberg,Florida,India,02021,32245.56,2024-09-24
C00268,Connie Khan,jenniferwilliams@example.net,855-383-9386,Lewis LLC,29ULAZP8538U1Z6,South Jasonbury,California,India,86741,84463.99,2026-04-25
C00307,Elizabeth Jenkins,scott04@example.org,(800)992-8206,"Dawson, Scott and Armstrong",22TTOBK9224R1Z6,New Nicholasberg,West Virginia,India,28270,99453.08,2025-06-07
C00213,Ashley King,ihall@example.org,401-670-2695,"Hanson, Wolf and Guerrero",22HXFYD6992M1ZC,Ebonyfort,North Carolina,Eritrea,71599,1490.47,2025-04-23
C00496,Stephen Brown,nwarren@example.com,342-944-2607,Turner-Walker,23MSREY4043R1Z7,South Jeffrey,Florida,India,02748,61899.73,2026-03-29
C00145,Chelsea Baker,thomas95@example.com,(976)436-5564,"Anderson, Johnston and Perez",19GURZP3068J1Z0,Chaseborough,Georgia,India,97303,1325.31,2024-11-24
C00073,Debra Sanders,susan79@example.org,001-234-410-1666x870,Porter Group,17PYVKG3662H1ZF,East Jasonshire,New Mexico,Faroe Islands,06603,2576.16,2026-07-18
C00027,Janet Weeks,MICHELLEHILL@EXAMPLE.COM,784-804-4997x27875,Cantu-Kane,27SPKYO9689X1ZA,Williamsfort,Virginia,India,50469,48911.71,2025-05-26
C00066,Miranda Foster,reesebeth@example.org,(851)980-1704x62265,Bennett-Vega,11QIIPW1058H1Z5,New Phillip,Florida,Saint Lucia,29689,63747.63,2026-05-10
C00229,Rebecca Anderson,SOLISJUSTIN@EXAMPLE.ORG,001-518-496-1642x3610,Chan-Mitchell,29WPJHT1046F1Z3,Fitzgeraldport,Utah,Netherlands,17709,14554.33,2025-05-05
C00329,Ashley Murray,mcgeejohn@example.com,(340)778-7541,Lewis-Sanders,22BGVDC6554R1ZF,Coreyfurt,Washington,India,55890,49802.59,2024-12-28
C00466,Kimberly Thomas,kingtammy@example.net,(501)634-7789x4896,Jarvis Ltd,34FMGEB6246Y1Z1,Davidburgh,Delaware,India,47861,41451.62,2026-03-13
C00150,Eric Gutierrez,kevinsmith@example.org,(547)280-7740x649,"Brooks, Jenkins and Castro",29ZPKTV4697P1Z7,Claytonbury,Kentucky,India,10883,44327.83,2025-06-23
C00326,Jennifer Horton,psnyder@example.org,(491)303-0021x563,Ramsey LLC,27IASDQ8756Y1Z3,North Brandonport,California,India,35068,64725.36,2025-04-12
C00262,Mr. Henry Perez MD,sfarmer@example.net,859-809-0225x9999,Fry Inc,34IYMEG3248V1Z3,Fowlerport,Colorado,India,22969,12086.44,2024-10-20
C00157,Deborah Williams,davenportchristian@example.org,811.338.6338x39288,"Ray, Craig and Park",30BGKYL4241J1Z8,Wagnerburgh,Ohio,India,79133,22558.46,2025-07-10
C00138,Jason Golden,zperez@example.com,001-865-699-1624x73149,Smith Ltd,25YAKHH9698H1Z6,South Diamondmouth,Nebraska,India,47984,74618.95,2024-10-21
C00062,Vanessa Moore,mwoods@example.com,440-619-3802x62067,Smith PLC,31MGVSD2697P1ZE,Smallberg,North Carolina,India,61845,88982.3,2025-02-27
C00320,Molly Roman,qtownsend@example.org,612-609-1179x112,Davis Group,35XNZGF2106Y1Z6,South Charlesland,Indiana,India,90591,65744.73,2025-06-22
C00106,Karen Keith,zevans@example.net,4894899217,Stokes and Sons,14CBFRB4505M1ZC,Port Brooke,Massachusetts,India,95803,33155.05,2026-07-11
C00029,Mark Mccall,juliehamilton@example.org,001-517-824-0050x45562,"Maldonado, White and Thompson",28NYNRP2290F1ZC,East Steven,Kentucky,Kuwait,33967,81620.72,2025-12-30
C00299,Daniel Horton,ugordon@example.net,643-244-8123x083,"Hernandez, Stephenson and Ho",35RYDPP8355N1Z2,North Deborahstad,Massachusetts,India,11412,31015.84,2026-01-29
C00091,Kathryn Perry,imiller@example.net,+1-324-614-1832x856,"Kim, Ashley and Allen",26PFBHD8752N1ZF,West Elizabethburgh,Delaware,India,02161,28450.26,2026-01-31
C00447,Keith Carroll,sharpjennifer@example.com,712-721-8231,Miller-Cooper,24EFZID4839H1Z1,Mayfurt,Vermont,Cape Verde,72341,77628.76,2026-05-01
C00090,Katrina Adkins,debbie37@example.com,437-891-8055,"Fisher, Payne and Thompson",30EXEBL6279E1Z9,West Jasonton,Montana,India,66903,67595.16,2025-03-10
C00348,Juan Martinez,barryyoung@example.com,+1-671-807-0449x6410,Smith-Reyes,30CCONY3852L1Z6,Patelport,Arizona,India,71482,12224.11,2026-03-15
C00003,Zachary Hicks,camposmichelle@example.org,+1-326-691-6697x8480,"Peterson, Carter and Moore",16AUUQG9928W1Z8,New Rita,South Dakota,India,39618,58967.64,2026-05-15
C00465,Eric Petersen,mramirez@example.com,+1-439-324-3588x53798,"Sharp, Carter and Wright",25MYOVL8635P1ZD,Brooksfurt,New Mexico,Saint Barthelemy,35987,72269.12,2026-07-25
C00436,Paul Wolf,vhopkins@example.net,9298090463,Johnson-Powers,19SYVXZ7698G1ZF,Russellmouth,Florida,Western Sahara,45883,76606.19,2026-02-09
C00471,Maria George,meghanwerner@example.com,3316219804,Hernandez-Thomas,25BRLOA8550T1ZF,New Carl,Colorado,Niger,07335,35282.4,2025-10-18
C00197,Joel Smith,pfitzgerald@example.org,869-839-2906x00780,Pacheco-Horton,24GCFPF5161J1Z9,Lake Jessicaborough,Florida,India,47477,1038.8,2025-03-17
C00378,Susan Barnett,wmccarthy@example.org,(925)226-5469x6815,Blackwell and Sons,21XPXXV1741G1Z7,New Carolfurt,California,India,85118,56225.5,2025-01-25
C00041,Jordan Bullock,michael23@example.org,(943)929-2127,"Glass, Cunningham and Reid",13NUOUJ1993C1Z7,South Scottport,Louisiana,Nauru,07863,80079.19,2025-04-30
C00287,Ronnie Bernard,BRITTANYRAMIREZ@EXAMPLE.NET,+1-861-484-4626x714,"Harris, Soto and Adams",22OSPMT5655X1Z3,South Lorraine,Massachusetts,Solomon Islands,57337,65690.75,2025-05-21
C00133,Shannon Taylor,josemercado@example.org,001-910-480-9969x3084,Long-Vance,15LUSID8988G1Z1,South Michaeltown,Texas,India,31811,25909.41,2026-05-20
C00469,Bradley Marquez,yhernandez@example.net,001-860-984-3768x55078,"Harris, Thomas and Jones",22SRYKY5026Z1Z0,East Leon,Montana,India,36433,94352.11,2025-02-09
C00065,Kelly Rice,christian91@example.org,+1-983-398-2258,"Harris, Aguilar and Davis",37GCZDD1832I1ZC,Bryantton,Oklahoma,India,61105,82951.87,2026-01-04
C00288,Larry Jones,schmidtgabriella@example.com,251-355-4234,Petty-Walker,29GYHLH3463U1Z5,Briannafort,Connecticut,India,69832,66394.85,2025-04-27
C00039,Jose Reed,campbellerika@example.com,740.336.9003x43244,Jimenez Group,16LIYIT2545O1ZD,Charleston,Nevada,India,02957,35494.33,2025-07-23
C00351,Christopher Pitts,halldiamond@example.org,+1-287-595-0830x44058,Rodriguez-Hunter,29HGEPN2412U1ZC,Mariachester,California,India,84634,99959.54,2025-06-27
C00365,Sean Burns,christopherpowell@example.com,893.207.4645x20599,Vaughn-Fischer,22YFIFU5873P1Z9,West Steven,New Mexico,India,67928,6085.31,2025-10-04
C00190,Samuel Peterson,shodges@example.net,728.906.3461,Mcclure Group,34VMICM8994B1ZB,South Paul,Ohio,India,84833,23553.55,2025-03-27
C00079,Kimberly Mclean,ystephens@example.com,001-789-811-3529x096,Smith LLC,12OGVHJ5573L1Z6,South Neil,New Jersey,India,89571,40027.87,2025-10-31
C00337,Marc Yoder,brian62@example.com,+1-907-787-0104x15914,Martinez PLC,35RGVTD8179S1ZB,New Douglas,West Virginia,India,65421,23675.94,2024-11-13
C00229,  Rebecca Anderson  ,SOLISJUSTIN@EXAMPLE.ORG,001-518-496-1642x3610,Chan-Mitchell,29WPJHT1046F1Z3,Fitzgeraldport ,Utah,Netherlands,17709,14554.33,2025-05-05
C00222,Dawn Davis,kennethvillarreal@example.org,456.604.1776x561,"Jones, Fisher and Daniel",18JVUDS1536B1Z6,Lake Darlenemouth,Tennessee,India,18338,44525.12,2024-08-02
C00488,Dr. Sarah Smith,camerontownsend@example.com,(317)951-8878,"Mendez, Floyd and Kelly",18FWLYZ9897M1ZB,Jessicaland,California,India,21772,85057.72,2024-11-21
C00267,Donald Alexander,jayjohnson@example.net,+1-237-208-1647,Barton and Sons,13PXPMF7636B1ZA,Johnsontown,Michigan,Swaziland,25686,17270.13,2026-01-10
C00102,Tiffany Myers,whitelucas@example.net,791.472.5135,"Mcclure, Davis and Fletcher",25OUVCA8373Q1Z3,East Heather,Minnesota,Equatorial Guinea,14661,84002.3,2026-02-10
C00468,Robert Bryan,ambersmith@example.org,599-547-1136,Lynch-Mcclain,28ORGAP7841Q1Z4,Ryanfurt,New Hampshire,India,28470,33053.54,2025-01-27
C00162,Caroline Bailey,chanson@example.org,435.621.1039,Cooper Inc,10TCEBV2496N1Z2,East Amy,Wisconsin,Eritrea,72433,83612.27,2025-08-10
C00380,Janet Gibson,qvaldez@example.com,(304)464-1978x57585,Schmidt-Reyes,27RFJAV5582T1ZD,Jamesmouth,Nevada,India,06863,9758.48,2025-07-26
C00050,Tyler Morgan,tylerjimenez@example.net,716-616-9284x511,Griffin-Robbins,11KSCWC9883C1ZB,Christinachester,Louisiana,Northern Mariana Islands,08019,5810.81,2024-09-27
C00007,Zachary Huff,housemelinda@example.org,(977)436-0260x64746,Phillips Inc,27LVIDV3045U1Z7,North Breannahaven,North Dakota,India,21136,29388.51,2024-09-13
C00005,Tracey Hickman,jenniferross@example.net,+1-557-587-1331x5098,Jones Ltd,14DOECV4527E1Z5,West Elizabeth,Indiana,India,71179,38054.74,2024-11-10
BAD0,"",not-an-email,abc,,INVALID,,"",??,xx,-50.0,not-a-date
C00457,Michael Evans,tbrooks@example.com,+1-697-999-0707x550,Mullins-Carrillo,12BSLNW8369R1Z6,Vangfurt,Arizona,India,64391,72486.01,2026-03-12
C00155,Erica Mcdonald,caseymoore@example.com,585-770-8620x959,"Brown, Coffey and Fuentes",11MHRFX4792J1Z4,New Justin,Nebraska,Norway,42709,70328.46,2024-10-24
C00008,Angela Lopez,leonardjoe@example.org,001-739-690-9169,Santiago LLC,30PQZIQ6925P1Z1,Stephenland,Alabama,Kuwait,81917,4677.86,2025-10-11
C00128,Martin Sellers,susanfleming@example.com,(216)648-4085x8877,"Lee, Palmer and Vaughan",36KXIIA8532O1ZE,East Ellenborough,Utah,India,56102,73406.15,2026-05-11
C00158,Stephanie Pierce,megan66@example.net,293-698-3684x57760,"Smith, Taylor and Zamora",14ATONU5352B1ZE,Samanthahaven,Oklahoma,India,75299,16675.69,2026-07-20
C00125,Antonio Mueller,karenjohnson@example.com,298-838-6384,Butler-French,31RUJDA2983V1ZB,Jamesmouth,Iowa,India,83572,42894.96,2026-01-29
C00045,Ronald Wies,jenniferwilliams@example.com,+1-937-994-7383x47359,Strickland-Shaw,36AKMZM1241I1ZC,Brettfort,Mississippi,Micronesia,13947,84884.7,2026-02-03
C00313,Dr. John Ramirez,gardnerstacy@example.org,+1-535-290-9605x6730,"Henderson, King and Thompson",19JERZF2996T1ZB,Savagehaven,Indiana,India,88272,63931.28,2026-06-24
C00458,Karen Stephens,sanchezmaria@example.net,676-953-9705,Austin Inc,16ARILR1844X1Z3,New Seanhaven,Idaho,India,61210,60536.45,2025-03-01
C00387,Danny Lynch,greenejessica@example.org,493-929-7150x96883,Sharp-Allen,31ETMUI2795S1Z8,North Jamiemouth,New Jersey,India,32619,79695.81,2026-01-13
C00238,Darren Pham,dhardin@example.net,+1-250-872-0811x55626,Keller Ltd,14JKDOT2076Z1ZE,Robertside,Maryland,India,95076,63344.36,2026-02-27
C00338,Michael Phelps,courtney07@example.net,001-331-910-2918x133,Wall Group,30ZDHTZ7001E1Z6,Port Jimmy,Ohio,India,34615,56767.74,2026-04-30
C00257,Breanna Pena,morganjason@example.com,455.428.9611,Lee Group,11SXUMB2336O1Z3,North Kathryn,Pennsylvania,India,25286,42459.08,2026-05-25
C00053,Isaac Armstrong MD,cherylmiller@example.com,(778)466-9125x1778,"Bowman, White and Burch",17BGDHH7615J1ZD,Fredmouth,Virginia,Czech Republic,45854,57010.57,2026-07-31
C00204,Samuel Rhodes,daughertypreston@example.com,799-780-5626x56504,Madden-Sawyer,36FNUCV5689A1Z2,Robertschester,Washington,India,54790,35296.86,2024-11-16
C00311,Kenneth Gomez,whitekelsey@example.com,447.921.9705x4669,Hunt-Weber,29UXFRA1086G1ZC,Bakerton,South Carolina,India,84893,21643.91,2024-09-13
C00120,Anna Stanley,timothyalvarado@example.net,(728)590-0287x7217,Cordova-Williams,14OJPYZ4908P1ZE,South Seanshire,New Hampshire,India,12037,11527.51,2026-05-27
C00319,Kelly Kim,mckinneydavid@example.org,+1-496-248-2531x1060,"Zimmerman, Knapp and Miller",30YBVUI7338D1Z6,Jacobbury,Maryland,India,25906,1722.6,2025-09-19
C00323,Brian Reyes,ashleybrooks@example.net,772-808-4964,Wilson LLC,15BYLWP3209E1ZC,Lake Nathan,Georgia,Slovakia (Slovak Republic),41716,94366.15,2024-11-02
C00046,Sarah Mitchell,joshuawhitehead@example.org,(713)575-0606x85361,Flores Inc,15TPVYJ7658I1Z0,West Samanthafort,Vermont,India,18692,86478.57,2026-03-12
C00269,Marcus Williams,robertsaunders@example.com,489-724-1956,Reid Ltd,17UQEEV8138B1Z7,Reyesbury,North Carolina,India,77501,39637.09,2026-01-29
C00454,Juan Thomas,richard96@example.com,454.727.8656x194,Brewer-Hayes,37IRKCV4692G1Z4,New Matthew,South Dakota,Switzerland,98122,14520.74,2024-12-01
C00009,Angel Lewis MD,nicole35@example.com,(378)449-8084,Wilson-Rodriguez,17JJRSM5741N1ZC,Jamesview,North Carolina,Liechtenstein,33415,86661.72,2026-07-04
C00208,Thomas Garcia,wesleydecker@example.net,+1-788-681-6711x207,"Cox, Montoya and Preston",12MHWVL5835T1Z5,Anthonyville,Iowa,Brunei Darussalam,91496,17646.44,2024-11-18
C00470,Stephanie Gray,ryu@example.net,217.906.9556,Ramsey-Blankenship,20FBQWO5216R1Z0,Rhondaview,New Mexico,Cayman Islands,22592,64205.28,2025-01-17
C00418,Taylor Flores,chase25@example.net,389.521.8785,"Bailey, Park and Bray",22ODRKD8007D1Z5,Crawfordchester,California,India,22959,66958.66,2024-08-17
C00123,April Fitzgerald,eroberson@example.net,001-529-622-1699x58669,Stuart-Waller,10CZIIA6111M1Z7,Meganside,Massachusetts,India,93807,71529.97,2026-02-23
C00455,Laura Rowland,makaylasanders@example.com,488-508-1904,"Mckinney, Rogers and Wilson",24UZXJZ1944H1Z8,Robinsonstad,West Virginia,Ireland,90652,55772.95,2026-03-06
C00495,Daniel Rodriguez,gutierrezmatthew@example.com,(921)555-6684,"Thomas, Price and Lopez",24QQPFF9038R1Z2,Williamstown,Nevada,India,61263,94120.17,2024-12-01
C00292,Laura Robinson,sarah80@example.com,+1-770-450-9754x510,Gomez-Garcia,21FMFHG1298J1Z6,Martinezfort,Alabama,India,20899,95121.81,2026-03-20
C00242,Samantha Thomas,toddellis@example.net,381.737.7028x51961,"Roberts, Mills and Wilson",20TXTSF8430B1Z7,East Kristen,Nebraska,India,06877,9599.08,2026-07-28
C00371,  Kevin Murphy  ,ruth80@example.net,904-976-0440x907,Wells Ltd,23WIZGC5067X1ZF,New Patriciaberg ,Virginia,Saint Pierre and Miquelon,23688,93381.78,2026-06-07
C00205,Linda Thomas,thomas85@example.org,001-961-406-4628,Lopez Group,30SJFCT4115L1Z3,Troymouth,Iowa,India,04018,72120.74,2026-04-06
C00114,William Edwards,smithjoshua@example.org,001-827-912-9666,Smith-Ferguson,12UXAUW8022H1ZE,North Erica,South Dakota,Saint Martin,33114,18254.73,2025-01-22
C00129,Joshua Park,elucas@example.net,+1-520-675-0110x24819,Hughes-Mccoy,30BUBYR5425H1Z0,Lake Jenniferland,Wisconsin,India,98274,82590.89,2025-10-28
C00423,Ana Sanchez,johnroth@example.org,(805)507-9181x5899,Flores-West,31MSOBZ9233B1Z4,Millertown,New York,India,14174,63907.26,2025-04-06
BAD7,"",not-an-email,abc,,INVALID,,"",??,xx,-50.0,not-a-date
C00429,Kristin Thomas,brian16@example.net,+1-509-225-5021,Smith-Brown,16YXKHO9792W1ZE,New Amytown,Tennessee,India,62947,85463.15,2026-07-28
C00290,Catherine Andersen,rshaw@example.com,234.314.6511x13129,"Mitchell, Noble and Stokes",12ABRGU6072I1Z7,Jimenezside,Vermont,India,16844,32914.81,2025-06-10
C00130,Ryan Howard,robertsgina@example.net,547-466-0728,"Myers, Salinas and Gardner",28OJTRY5397U1Z5,Susantown,Oklahoma,Tunisia,73255,83090.03,2024-11-17
C00462,Breanna Mccall,msolis@example.net,477.331.2688x1228,Palmer-Archer,13KKPOW8846A1Z2,Sharonview,Nebraska,India,08322,70406.48,2026-03-07
C00244,Jasmine Mccullough,amber74@example.net,520-294-8181,"Boyd, Christensen and Shaw",25BHQIL2099B1ZC,Kristinbury,Virginia,Taiwan,76464,9413.69,2025-07-11
C00006,Sonya Johnston,kristenaguirre@example.org,216-856-6701,"Morgan, Hensley and Wright",21MICIB6635L1Z3,Stevenland,New Hampshire,Sri Lanka,72633,73000.21,2024-10-15
C00475,Rachel Curry,randy20@example.org,547.467.7537x260,"Livingston, Phillips and Brown",17DYPBE2113M1ZE,Michaelhaven,Oklahoma,India,63036,50622.72,2024-08-31
C00139,Matthew King,ncunningham@example.com,+1-763-868-8725x88744,"Taylor, Shields and Wilson",20OCYSK6764G1Z9,New Richard,Michigan,India,72666,25215.23,2025-11-19
C00211,Philip Edwards,irodriguez@example.com,001-954-580-1571x64794,"Russell, Mercer and Patterson",35EZERX5835L1Z5,Lake Travisville,Montana,Kazakhstan,69007,46886.31,2025-12-24
C00441,Thomas Mathis,dford@example.com,(826)760-2562,Hamilton Ltd,17LJLLN1056G1ZA,South Thomasview,Michigan,Congo,03342,46354.09,2025-08-21
C00063,Brian Martin,twong@example.org,7543932966,Caldwell-Lopez,33IEUPA3546Q1Z3,Youngview,Michigan,India,40077,21141.9,2025-10-26
C00146,Adam Fisher,wendyatkinson@example.net,+1-357-444-8906,Lewis LLC,19EOGCV8690V1Z0,Michaelside,Oklahoma,India,34280,18517.93,2025-04-24
C00168,Victoria Williams,oblack@example.org,647.264.4726,"Black, Thomas and Gallegos",36CFUGH1601L1Z9,South Robert,New Hampshire,India,03766,25314.65,2024-12-16
C00391,Steven Compton,brendamason@example.net,(567)628-7276x015,Walker LLC,28MXUYH2800P1Z1,West Victor,Oregon,India,84208,31437.88,2026-07-04
BAD3,"",not-an-email,abc,,INVALID,,"",??,xx,-50.0,not-a-date
C00172,Kelly Dominguez,rodriguezjessica@example.net,917.994.6954x89952,Morton-Stephenson,19OTSMA8178H1Z0,South Colleenville,West Virginia,India,27676,97317.37,2026-04-13
C00229,Rebecca Anderson,solisjustin@example.org,001-518-496-1642x3610,Chan-Mitchell,29WPJHT1046F1Z3,Fitzgeraldport,Utah,Netherlands,17709,14554.33,2025-05-05
C00296,Jordan Schneider,daniel54@example.com,001-963-650-2000x534,"Garcia, Lopez and Vaughan",29XVTHG3147Q1Z7,Lake Andreaberg,Michigan,India,47761,18166.51,2026-02-26
C00235,Dwayne Lee,samuel83@example.net,+1-359-972-4665x72934,Thompson and Sons,29MFGYA1710F1Z4,Jimmyside,Arkansas,India,02877,96406.22,2025-05-05
C00171,Kenneth Morrison,samantha01@example.com,(724)299-9827,Mack LLC,25XYEWB8242J1ZB,West Thomasville,Vermont,India,36469,54967.04,2025-04-12
C00479,Wendy Williams,laurie41@example.org,+1-733-837-2188,"Ross, Knight and Evans",23PKNEQ3937E1ZD,Saraton,Nevada,Iraq,57146,52486.1,2024-11-27
C00184,Nicholas Fisher,keith09@example.net,994-307-9290x4904,Wagner LLC,22QINRR3492Q1Z0,Lake Danielburgh,Pennsylvania,Saint Vincent and the Grenadines,20310,12712.0,2025-12-24
C00304,Robert Bailey,nelsonvictor@example.com,810-622-5267x711,Davis and Sons,13LXYWU9452F1ZD,Olsonchester,Rhode Island,India,83941,76335.37,2025-04-16
C00416,Jonathan May,katherine82@example.com,+1-813-411-9642x585,Garcia-Blanchard,18ZSNKF4050U1ZA,South Margaret,Kansas,Mexico,20818,79097.69,2025-12-31
BAD9,"",not-an-email,abc,,INVALID,,"",??,xx,-50.0,not-a-date
C00472,Rachel Mckay,keithharrison@example.com,(430)339-1114,Tran-Wood,14LJILP9954Y1Z0,West Melissaview,North Carolina,India,03216,88947.52,2025-08-24
C00342,Angel Hines,MCLEANMANUEL@EXAMPLE.NET,562.498.3347x743,Cervantes-Stokes,15MFLBO9176Q1Z7,East Arthurberg,Alabama,Guyana,53981,11864.32,2025-10-15
C00463,Seth Norman,leejessica@example.com,(679)932-7986x2398,Reynolds Inc,22AEJFT4921X1Z5,Port Darlene,Mississippi,Fiji,52047,38128.11,2025-03-06
C00398,Brian Bowman,amanda74@example.org,921.556.2294x9381,Armstrong-Farmer,34QJHSS5735B1Z1,Port Kayla,Vermont,India,93745,48951.41,2026-02-25
C00182,Brianna Dyer,iproctor@example.org,(867)996-9278,Kelly-Lopez,16MAKFU4912P1Z7,Robertside,Oregon,India,48600,77576.89,2024-08-25
C00245,Joseph Flores,henrysarah@example.com,(426)408-5641x11824,Tate-Moore,13ARKDN7105U1ZE,North Jennifer,Maryland,India,51611,58687.86,2024-10-15
C00135,Matthew Diaz,blacknicholas@example.org,665.557.7908x27231,Lopez LLC,17MTHQO7658A1Z0,Jenniferfort,Utah,India,63260,24108.36,2025-08-07
C00017,Angela Patterson,qwhite@example.com,737-555-6464x17080,"Jones, Bernard and Williams",30BPMBN8517J1ZE,East Thomas,Delaware,India,74421,24738.09,2025-01-16
C00036,Kyle Phillips,sgarcia@example.org,+1-883-767-3657x6615,"Scott, Mckay and Mcdaniel",17EEFFF2104B1ZB,Lake Joanneberg,Oklahoma,Bahamas,77370,7178.65,2025-10-10
C00489,Joseph Norris,timothymiddleton@example.net,(905)366-1863x239,"Perez, Sandoval and Durham",10FJXDY4394U1ZE,Jameston,Arizona,Korea,25153,71299.87,2024-08-02
C00097,Sarah Hawkins,codygarcia@example.org,600-332-3651,Osborn and Sons,34PCZIF2746Z1Z8,Davidmouth,Arkansas,India,22519,80430.57,2026-07-18
C00035,Anthony Harmon,reesethomas@example.com,891.878.3908x47007,"Rodriguez, Joseph and Wallace",17FUMJE4608I1ZA,Claudiashire,Oklahoma,India,93844,63147.19,2025-04-09
C00076,Cody Cole,fgarcia@example.com,+1-819-395-6046,"Santana, Stein and Spence",22KHKRY1634K1Z0,West Kevin,New York,India,19628,81677.0,2024-09-18
C00461,Brandon Lopez,seanbarajas@example.com,+1-247-512-9618,Hernandez and Sons,19VSZAX1251D1Z1,North Aliciaview,Pennsylvania,Marshall Islands,01661,96211.55,2025-03-23
C00080,Brittany Cuevas,agarcia@example.org,725-945-7387,Kim Ltd,36CUETC9785Z1Z5,North Melindaville,Utah,South Georgia and the South Sandwich Islands,22043,11622.64,2026-07-23
C00357,Dwayne Tucker,nicoleroberts@example.com,+1-213-542-1388x209,Freeman Inc,32XNSKB4694U1Z6,Meyermouth,Maine,Uruguay,14868,51937.89,2026-02-07
C00026,Lori Wolf,josephanderson@example.com,371.509.3248x086,Murray Inc,30PJFTS5889G1Z1,Robertfort,New Mexico,India,32447,76274.83,2025-07-20
C00487,Kristen Chan,saraprice@example.net,428-630-6153x70124,"Scott, Martin and Simmons",32UKXGW8790S1Z3,Whitneyside,South Dakota,India,09491,7527.37,2024-09-28
C00098,Samantha Foster,reyesronald@example.com,524.647.2099,Jenkins-Pierce,32DFRYI9486A1Z9,Lake Nicole,North Dakota,India,33157,24994.91,2025-12-02
C00332,Brian Fuentes,mary88@example.org,001-921-214-5775x84745,Turner-Cook,12HXQME6372H1Z4,Ginatown,Georgia,India,54282,60301.9,2026-05-27
C00018,David Wood,stricklandfrank@example.com,590-349-6631,"Barton, Jefferson and Burke",27HYKYC9830W1Z3,Stanleyland,North Carolina,Oman,45226,42900.54,2024-08-09
C00395,Katrina Simpson,cameronreynolds@example.com,675-682-3133,Miranda-Kennedy,27RTNNK6608R1Z6,West Eric,Wyoming,India,52436,86778.67,2026-04-02
C00189,Alicia Jimenez,fitzpatrickelizabeth@example.com,(856)390-8776,"Perez, Cruz and Norris",37XEHKI9742W1Z7,Evelynfurt,Arkansas,Norfolk Island,85314,62717.24,2024-10-09
C00177,David Jones,amber02@example.org,701.660.1662x9979,Roth-Marquez,17QZIFW8483W1ZE,Bradleyland,Vermont,India,61878,92194.63,2024-10-14
C00255,William Davidson,kristenpeterson@example.net,979.259.9594x6521,Robinson-Smith,15OSODN7062N1Z4,South Jessica,Michigan,Sri Lanka,97504,77705.88,2025-05-18
C00464,Robert Stark,mary95@example.com,987.769.8999x2751,"Black, Welch and King",27RRSMG6886O1Z4,Saramouth,Kansas,India,74689,51330.37,2024-12-26
C00241,Michelle Stone,danielblack@example.org,001-957-312-6611x06273,Rhodes-Powell,37JHXZQ4522L1Z8,Fieldsmouth,Vermont,India,64666,22926.51,2026-02-19
C00411,Andrea Richmond,donald61@example.net,001-392-937-2450x1848,Guerrero LLC,11HIVND7504J1Z0,Port Reneemouth,Louisiana,India,05871,74925.42,2025-05-23
C00260,Jeremy Baker,howardchristopher@example.net,781.643.1115x08353,Mcgee-Mack,28RMTMI8972W1Z4,Alanport,Maine,India,45934,39586.81,2026-03-31
C00446,Ernest Giles,thill@example.net,742.492.5010x587,Decker-Brooks,11BOBPU8314Z1ZB,West Christie,Wisconsin,India,05027,4519.25,2025-12-12
C00113,Richard Rivera,brenda71@example.com,8996917381,Brown-Dickerson,27IMVAK1441D1Z7,West Michelle,Idaho,India,11093,66333.68,2025-08-13
C00239,Gregory Wilcox,isabellagriffin@example.org,+1-299-775-6341,Hardy-Singh,27IHISN6327F1Z7,Adrienneburgh,Alaska,Antarctica (the territory South of 60 deg S),71271,53102.63,2025-11-03
C00132,Dustin Jones,louishayes@example.net,+1-849-629-9556x20533,Taylor-Quinn,29EDCWX7209T1Z5,Arnoldburgh,Tennessee,India,80012,85110.19,2024-10-02
C00359,Connie Gonzalez,lhernandez@example.net,542.431.8306x1789,Barnes LLC,18NYOLP3050O1Z4,Toddburgh,Maryland,India,30895,9433.5,2026-06-10
C00151,Kellie Marsh,justin84@example.com,612.924.1797,Flores and Sons,37DIBLG8025S1Z4,Davidmouth,Washington,India,01576,6117.01,2025-01-27
C00220,Scott Miller,michelle65@example.net,+1-316-523-1981x89847,"Martinez, Roman and Murphy",33LVYZV9850V1Z8,South Jeffery,Connecticut,India,23458,72687.26,2025-01-13
C00019,Samantha Garcia,cynthia72@example.com,(684)798-7769,Rivas Inc,28RCPWD7543K1Z6,Rogersfort,Massachusetts,India,24335,99754.01,2025-08-13
C00399,Scott Stein,nburgess@example.org,873-875-5344x90216,Yates-Decker,25DGXBK6714B1Z3,New Morganmouth,Ohio,India,64989,57390.33,2025-03-07
C00054,Diane Miller,cynthiapierce@example.org,+1-749-281-8299x2299,Miller Ltd,28XKQPN1651X1ZC,Montgomerytown,New York,India,82704,58408.86,2025-09-27
C00406,Steven Scott,diana59@example.net,001-317-379-3238x223,"Powell, Eaton and Garcia",32OQLUQ8739T1ZD,Jennifermouth,Texas,India,77936,13832.96,2025-09-07
C00024,Danny Hernandez,margaret10@example.org,999-347-1746x4887,"Williams, Reynolds and Morris",19QBFOR8123K1ZF,Port Emilyview,Oregon,India,05774,95386.21,2026-03-15
C00413,Dana Simpson,gwade@example.net,389.396.9860x9191,Ward Ltd,13TMAZT6489V1Z4,West Deborahmouth,New Jersey,India,75650,64167.11,2026-06-01
C00215,Kevin Gray,katie45@example.org,8903255905,Reed-Howard,18WDQPP7242P1Z6,Brittanyland,Maryland,India,15504,23458.81,2025-04-19
C00499,Steven Hall,harrisrobert@example.net,318-272-3335,Smith-Matthews,10HRPLC6050N1Z9,West Sandraville,Colorado,India,33310,27049.67,2026-04-06
C00223,Mark Edwards,rodriguezjohn@example.net,001-329-865-7724x29543,White-Walter,17KOBBJ6942P1ZD,North Terri,Illinois,Estonia,92416,36796.76,2026-05-23
C00397,Dawn Wall,morriskrystal@example.com,+1-383-539-8741,Nguyen Group,27ULECX5890Q1Z2,Wattsfort,Kansas,Fiji,80023,98227.8,2025-10-29
C00193,Kevin Anderson,bstrickland@example.com,400-521-9467,Bowman PLC,10CAPLN1753S1Z5,New Hectorfort,South Carolina,Zambia,12038,29407.44,2025-11-30
C00310,Daniel Maldonado,kaylamartin@example.net,598.357.2545x96063,Bradley Group,36GZAJX8740T1ZE,South Clintonmouth,Hawaii,Vietnam,39246,46964.1,2024-12-03
C00185,Robert Green,toddlloyd@example.org,212-692-7663x72395,Williams Group,28ZETEV6439W1ZD,South Frances,Missouri,Lebanon,34923,44086.59,2024-11-20
C00078,Katherine Johnston,markramirez@example.com,(619)339-8280x737,Chambers-Taylor,17TPQQJ1387T1Z1,Mccormickland,New Hampshire,India,78873,27932.45,2025-08-07
C00335,Kristina Mckay,douglas36@example.net,843-307-5366,Mora-Harper,11LKBRU2229Z1Z7,Lake Katrina,Kentucky,India,18286,80129.49,2025-06-19
C00451,Rebecca Estrada,chrisrodriguez@example.org,4903040476,Richardson Ltd,27MBVXE3869R1Z8,Valdezport,Wyoming,India,05087,4783.72,2026-06-28
C00013,Cameron Fisher,lbyrd@example.net,001-746-980-4436,Ramos-Lewis,24EYYVK7216Q1Z3,West Zacharymouth,Colorado,Svalbard & Jan Mayen Islands,98954,64035.98,2025-01-29
C00492,Angela Williams,mckenzie88@example.org,001-389-784-8416x046,Figueroa-Taylor,35GLAGE2284C1Z6,Pachecofurt,Ohio,India,14511,43765.12,2025-02-21
C00240,Ronnie Torres,hbenitez@example.net,6542851017,Morgan-Young,24VLKTO9282Q1Z8,West Kevin,Texas,India,94198,70207.76,2025-10-18
C00214,Kimberly Smith,EWINGNICOLE@EXAMPLE.ORG,(875)467-7002x8427,Baldwin-Freeman,27HKRFQ3024J1Z9,Alvarezburgh,North Carolina,India,07806,74926.26,2025-05-30
C00372,Angela Flowers,browndana@example.org,818-843-9055x29580,"Caldwell, Brown and Bryan",33GJURF6123L1Z1,Williamsborough,Vermont,Madagascar,54142,49876.73,2024-12-12
C00422,Mr. William Davis DDS,carolberry@example.com,001-328-727-0908x144,"White, Stone and Mccullough",17FMMJN2017V1ZD,Mcfarlandside,Missouri,India,59212,16055.71,2024-10-29
C00285,Mr. Jeffrey Duncan,nguyenjennifer@example.net,(360)568-8871,"Merritt, White and George",22LAJCZ7697U1Z5,North Davidborough,Tennessee,India,21631,5331.32,2024-10-07
C00092,Adam Crawford,alexandra42@example.com,(641)305-6481,Gibson-Ward,31FKKXK6491Q1ZC,New Emilyville,Iowa,Saint Vincent and the Grenadines,67193,75138.7,2024-08-01
C00473,Amy Taylor,harrisonmeghan@example.org,+1-259-347-3721x329,Taylor-Mitchell,30HZFRW1962Z1ZB,Onealmouth,Tennessee,Western Sahara,68613,7525.61,2025-05-01
C00023,Marc Lynch,mezajared@example.org,912-632-8120x679,Hall Ltd,10SSDER2876O1Z3,Kristinshire,Texas,Spain,26429,34083.53,2025-06-26
C00388,Wanda Robles,hporter@example.net,323-271-0068x76164,Castillo-Barber,33SZZUX1436C1Z0,Reginaldhaven,South Dakota,India,85649,65593.54,2025-07-07
C00078,KatherineJ ohnston,markramirez@example.com,(619)339-8280x737,Chambers-Taylor,17TPQQJ1387T1Z1,Mccormickland,New Hampshire,India,78873,27932.45,2025-08-07
C00077,Donald Evans,wardsheryl@example.net,+1-879-793-7124x0659,Cook-Ochoa,24PMITU6728M1Z4,South Leon,Montana,Ghana,38701,87145.17,2026-02-21
C00430,Jasmin Jennings,vcole@example.org,+1-479-845-7727x85324,Macias-Richardson,24BBZTJ2904C1Z1,Jenkinsside,Iowa,Iran,16888,48933.91,2026-05-14
C00246,Jason Nguyen,hdavid@example.org,339.693.7886,Flores PLC,27AEEBA6400O1ZD,North Joseph,Pennsylvania,India,88987,87373.38,2024-10-17
C00176,Melissa Wheeler,cookpamela@example.org,340.694.3533x44857,Moore Inc,26ANJGG5479N1Z8,Andreaview,Georgia,Western Sahara,92822,98026.44,2026-04-16
C00051,Jennifer Palmer,stephaniethomas@example.net,+1-770-721-3556x90927,Hines-Berry,28HXZUP8811R1ZF,North Anthony,Idaho,India,65911,50832.07,2025-09-06
C00444,Emily Gilmore,nchristensen@example.com,587-679-4176,"Thomas, Abbott and Brown",33POOAU2848W1ZB,Hoffmanview,Massachusetts,Libyan Arab Jamahiriya,41679,41982.14,2025-11-12
C00000,Allison Hill,donaldgarcia@example.net,+1-219-560-0133,"Santos, Gardner and Robinson",30LRZAW2824Z1ZA,Lake Roberto,Louisiana,Cape Verde,28722,24564.7,2026-03-16
C00116,Jonathan Martinez,brooksdanielle@example.net,+1-609-901-0016x761,"Hernandez, Neal and Mccoy",34TAQGQ7211H1Z3,Cindyberg,Nebraska,Switzerland,14252,83209.24,2025-09-01
C00347,Andrew Bailey,whitneyanderson@example.com,611.514.8375x3745,"Orozco, Flores and Weaver",19GDWAT5914N1ZF,Ramirezborough,Florida,Tajikistan,68788,92739.71,2025-01-26
C00040,Shannon Johnston,amckinney@example.com,860-352-9751,Graham Group,23HFZTV8651V1ZB,West Kimberly,California,India,67411,98418.1,2025-12-04
C00256,Clinton Fritz,alejandro50@example.net,524-573-9500,Thompson-Mcclure,28ULVJP2391L1ZB,North Gregory,Kentucky,India,13764,75468.14,2024-08-16
C00031,Colleen Lee,erica21@example.net,+1-504-470-9521x4562,"Walter, Diaz and Shaw",27RKQEZ3705S1Z3,Lindamouth,California,India,18950,60698.73,2026-03-08
C00366,Wendy Miller,simmonschris@example.org,001-902-481-2371x06728,"Sawyer, Barnes and Smith",24HBSUR7809R1Z0,Christinastad,Oregon,India,85726,34085.24,2024-12-06
C00117,Autumn Wilson,jimenezchelsea@example.com,235.364.2087x37530,Conley Ltd,18FJFXG2341E1Z0,West Dawnmouth,Maine,India,35120,53987.96,2025-07-26
C00390,Andrew Taylor,anthony59@example.com,001-644-829-4774x222,Walsh-Johnson,30NLTJL7229A1ZE,Michaelhaven,West Virginia,Trinidad and Tobago,68241,24295.44,2025-06-11
C00417,Allison Walker DDS,johnperez@example.net,820.543.0977,Lopez-Stone,28ZOKYV4164Q1ZF,Lindaview,Nevada,India,49027,63908.71,2025-05-10
C00095,Valerie Thomas,CHRISTOPHER38@EXAMPLE.COM,001-257-819-1826x199,"Brandt, Young and Green",24UZZSV7790U1Z1,Shawnbury,California,Western Sahara,27070,38459.45,2024-11-13
C00306,Valerie Durham,JASONWALKER@EXAMPLE.NET,(312)960-6501,"Harrell, Johnson and Diaz",17FPEAK8391A1Z6,Port Ian,West Virginia,Burundi,98556,41548.2,2025-09-13
C00483,Bryan Newman,sharon37@example.net,6528635100,Hess Group,30QZYTU1519C1ZC,Port Mark,Virginia,India,55859,37779.24,2025-12-24
C00012,Debbie Carpenter,benjamin96@example.com,001-556-798-1693x4060,Jones-Beck,31VNUQH2169U1ZF,Williamchester,Massachusetts,India,53244,24556.61,2026-01-23
C00195,Joshua Moore,washingtondarren@example.org,001-579-895-6353x1531,Bennett and Sons,31EELFD3950B1ZF,East Sarah,New Jersey,India,23839,60988.23,2025-05-27
C00174,Joe Grimes,steven60@example.net,295-788-0395x5124,Sims-Kirby,23KMYLM2527H1Z2,Janetmouth,Virginia,Antigua and Barbuda,36086,91301.69,2025-06-17
C00228,Laurie Silva,foxashley@example.com,737-315-0416,Hernandez-Miller,28TQEDO4538R1Z2,West Taramouth,Massachusetts,India,96386,14840.66,2026-02-21
C00086,  Frank Wright  ,kburns@example.net,766-271-1684x577,"Davis, Stanton and Reid",19SWEYI9308Z1Z4,South Mallory ,New York,India,35698,32685.67,2025-04-07
C00382,Melissa Sanchez,uwilliams@example.com,8298168154,White Ltd,26QUPVF7576B1ZB,Port Jamesview,Maryland,India,81186,13789.93,2025-09-03
C00109,  Jennifer Deleon  ,thompsonnancy@example.org,9308705345,"Leblanc, Maldonado and Allen",19FMCLE7389L1Z8,Maxview ,West Virginia,India,90790,73489.94,2024-10-09
C00467,Amy Boone,daniel84@example.org,663-609-0015,Allen-Robinson,28MKWRJ4625W1ZE,East Andrew,Pennsylvania,India,42013,55375.83,2026-03-15
C00144,Katherine Galloway,travis84@example.com,792.808.6780,"Parsons, Bryant and Martinez",27HDUSA3073A1Z3,South Bianca,Massachusetts,India,47896,5547.15,2025-11-18
C00033,Andrew Ferrell,davispaige@example.org,(275)786-9261x7964,Ramos and Sons,31XGRXI7118P1Z9,Bruceview,Illinois,British Virgin Islands,60101,45203.47,2024-10-10
C00341,Lisa White,david59@example.net,(999)761-0023x117,Zavala Ltd,30YPGLU5566Y1Z2,Nielsenton,South Carolina,El Salvador,15505,2688.74,2024-08-29
C00403,Zachary Perry,traciemarsh@example.com,648.317.0066x6155,Bautista-Pearson,16OSFPP4310Z1Z3,Liutown,Louisiana,Saint Lucia,85351,69647.51,2026-06-27
C00297,Natalie Chapman,john43@example.net,(711)629-1093x3711,"Wells, Juarez and Ferguson",32JCIMA3712J1Z9,Patriciaside,Minnesota,India,48474,36493.51,2025-07-14
C00328,Blake Bonilla,lewisellen@example.com,(337)415-3988x5472,Rangel Group,13CNGMX7029Z1Z8,North Joshua,Hawaii,Poland,40759,74356.44,2026-06-06
C00298,Autumn Graham,gbarnes@example.org,(894)924-0903,"Patel, Palmer and Jones",33CWGYJ4891X1Z9,Moralesview,Indiana,India,24626,75263.88,2024-08-02
C00082,Kelsey Fowler,lcarr@example.org,(557)692-4991x251,White Ltd,21JGYAM6139I1Z8,Hendersonfort,South Dakota,India,70936,51191.16,2026-01-20
C00402,Eric Coleman,jesse35@example.org,(971)960-7360,Gonzalez-Wise,12LHFLG6674L1Z9,East Katherineville,New York,India,97578,74759.12,2025-11-12
C00280,Molly Davis,monica99@example.org,+1-356-768-6334x1411,"Vargas, Lopez and Mcmahon",35KXIUY1672K1Z9,West Bryanside,Illinois,Tanzania,51376,57208.5,2025-06-25
C00333,Zachary Howard,SANCHEZJOYCE@EXAMPLE.COM,(731)736-1487x824,Lawrence-Landry,23RTMCL3730H1Z9,Maryville,Nevada,India,60142,4331.28,2025-10-14
C00308,Colleen White,velasqueztaylor@example.com,+1-766-220-5634x1115,Campbell PLC,21GENMA4678W1ZA,Jacobborough,South Dakota,India,04743,9998.4,2025-02-02
C00324,Michael Love,stevenpope@example.org,+1-616-349-3831,"Stafford, Fisher and Avila",11UUMMD5807Z1Z1,Jimenezview,Nebraska,India,16132,20027.04,2024-11-04
C00203,Jimmy Flores,cordovaamy@example.net,347-649-2975x17028,Morales and Sons,18CWFUD1132M1ZB,New Alicia,Wyoming,Fiji,26153,74542.7,2024-08-17
C00437,Corey Campbell,gentrysamantha@example.org,+1-558-310-2131x25129,Smith Inc,33VZVNE7887J1Z6,Welchmouth,Texas,Botswana,80791,38309.71,2024-11-02
C00367,Joseph Harris,april47@example.com,452.428.7056,Jones-Rowland,14TSMMS6121G1Z5,Riveraton,South Carolina,Lao People's Democratic Republic,78417,86091.66,2024-11-29
C00373,SARAH EVERETT,joshua51@example.com,291.497.1112x125,Robinson LLC,26DFUPT8648R1Z0,Lake Katelyn,Florida,Georgia,07491,49787.29,2025-05-21
C00271,Ryan Rivera,jamiebrown@example.net,339.968.5270,Mckay Inc,26OJNIF2868L1Z1,East William,Nevada,Saint Kitts and Nevis,61721,35002.59,2025-03-29
C00001,Brandon Davis,cassandra07@example.net,361-284-9593,"Perez, Roberts and Miller",14OGYRD2679O1ZC,Franciscostad,Indiana,India,88342,3275.09,2025-02-23
C00167,James Wells,jamesjohnson@example.org,563-833-1279x757,Parsons-Franklin,20YUUZN7744V1Z0,New Danielmouth,Arizona,India,32708,94524.83,2025-09-06
C00139,Matthe wKing,ncunningham@example.com,+1-763-868-8725x88744,"Taylor, Shields and Wilson",20OCYSK6764G1Z9,New Richard,Michigan,India,72666,25215.23,2025-11-19
C00232,Emily Ramsey,qhanson@example.com,(232)219-4168,Wilson-Jackson,17EDSZQ6304V1ZA,Turnerstad,Vermont,India,88817,5334.66,2026-01-18
C00188,Patricia Schwartz DDS,jonathan14@example.org,(465)904-4271x7396,Thomas Group,20NNPGC7512T1ZC,Dakotaland,California,Montserrat,95861,85248.9,2025-02-10
C00442,Eric Moses,jeremy79@example.net,466.527.0511x5794,"Harding, Lara and Butler",33ATOKV9920O1Z8,Gabriellachester,South Carolina,India,16471,82353.71,2025-11-08
C00405,Erin Oneal,mossdrew@example.com,7865982210,Barnes Inc,26HEDAI4697C1Z2,Port Carrie,South Dakota,India,00595,41388.81,2025-03-29
C00206,Dennis Blanchard,qmartinez@example.com,(827)630-1471x95979,"Jennings, Mccann and Cardenas",31XGUKB3240Q1ZD,New Brian,Massachusetts,Kyrgyz Republic,91370,64669.43,2024-11-13
C00047,Joan Smith,smithjason@example.org,+1-298-561-4341,Fowler-Dean,11EHFMI3697B1Z7,Lake Douglas,Nevada,India,00706,39103.13,2025-11-20
C00038,Ellen Morgan,whitedouglas@example.net,(612)701-8366x7525,"Carlson, Ware and Moore",28WNDRF8744R1Z2,Stanleyfort,Rhode Island,Kenya,54788,80768.95,2025-02-28
C00491,Christian Morgan,hzavala@example.com,474-346-0045,Velazquez PLC,36MGXHG7375Q1Z5,Lucasville,Idaho,India,76052,74000.54,2025-01-11
C00192,Sabrina Rodriguez,nlarson@example.org,436-756-5198,Duran PLC,13LVEHR2646J1Z9,Jacksonstad,Oklahoma,India,22128,30016.66,2025-07-06
C00354,Samantha Martinez,kimberlyrussell@example.net,+1-929-544-5511x66829,Walter Inc,31KHAQW9476J1Z6,Newtonberg,Arizona,India,57048,82922.47,2024-08-18
C00480,William Cook,david37@example.com,(793)866-3439x2529,Garcia Inc,17YVAJI4144B1Z3,Mosleyberg,Arkansas,Afghanistan,62263,26805.74,2024-12-15
C00393,Colton Rivas,escobardavid@example.com,2337399771,"Jones, Mendoza and Ramos",25EMGIL2020N1ZE,Evanstown,Pennsylvania,India,56829,56132.59,2026-05-30
C00352,Briana Nguyen,matthew65@example.com,790-725-0429x0193,Gray PLC,33CQUJY8842W1Z8,North Susanbury,Oregon,Macao,75793,82351.61,2025-12-02
C00201,Michael Huynh,creed@example.net,+1-904-931-0385x6955,Torres-Anderson,25YTKYQ2747O1Z2,Watsonport,Wyoming,India,06703,35960.02,2024-11-23
C00321,Erik Odonnell,hectorsmith@example.org,+1-699-301-5579x98028,Obrien PLC,13BHGWJ6447N1ZE,Dannyborough,Alaska,India,43432,54646.77,2024-11-15
C00164,Kari Harper,lopezvincent@example.com,+1-400-238-4576,Sutton-Kelly,15TPGRZ8708D1Z9,Natashatown,Oklahoma,Yemen,37226,18230.77,2025-01-22
C00074,Timothy Lam,whitemelissa@example.org,892.761.4293,Campos-Taylor,33SUFGV6442W1Z8,North Samuelland,Michigan,Netherlands,80961,86420.0,2025-11-05
C00127,Elizabeth Tyler,charles58@example.org,(381)782-6886,Ware Ltd,25VVXSN2729W1Z8,Barajastown,Delaware,Paraguay,45852,63594.95,2025-07-12
C00067,Alexander Evans,opatel@example.org,352.343.1069x033,"Johnson, Harper and Warner",18DPVCZ3647C1Z9,New Jeff,Wyoming,India,07899,42825.92,2024-11-16
C00064,Alexandra Valdez,bryanwilson@example.com,(568)441-4593,Hernandez-Adkins,20MXASJ4335E1Z3,Port John,Wisconsin,India,78595,25187.01,2026-06-09
C00141,Christopher Johnson,dianacantrell@example.org,665-766-9380x118,Richmond-Hill,34MMDZK4033A1Z1,Gregoryhaven,Connecticut,India,73721,48471.44,2024-09-25
C00449,Kevin Smith,perkinsmicheal@example.org,(532)680-9448x5862,Gonzalez-Hurst,28ZHPSC6224B1Z5,Morrisonhaven,Wyoming,India,53675,87638.21,2025-01-05
C00210,Charles Francis,stacy55@example.org,293.389.1190x83342,Knapp Ltd,36EXSLL3695C1Z3,East Maryfurt,Nevada,Croatia,67904,94424.36,2025-01-23
C00364,Eddie Davis,ehoffman@example.com,001-588-236-0765x817,Wise-West,30EKGPT5949V1Z0,Port Crystal,Colorado,India,13003,80754.2,2025-10-09
C00048,Kenneth Lopez,millsmichael@example.net,+1-788-680-6706,"Smith, Kramer and Cooper",35UQOGX8454L1Z4,Dennisstad,Ohio,India,44875,95736.03,2026-04-23
C00263,Cassandra Serrano,mjohnson@example.org,(743)834-8170x5802,Moore-Rodriguez,25IAEVE8055Y1ZF,East Monica,Maryland,India,57150,53304.98,2026-04-27
C00136,Christopher Whitaker,sanchezdavid@example.net,(428)809-2024,"Costa, Walsh and Johns",25UQSFN9041C1Z9,Dillonburgh,Iowa,Switzerland,54341,9396.03,2025-11-09
C00333,Zachary Howard,sanchezjoyce@example.com,(731)736-1487x824,Lawrence-Landry,23RTMCL3730H1Z9,Maryville,Nevada,India,60142,4331.28,2025-10-14
C00148,Derek Newman,pam59@example.net,362.320.2341x326,Zuniga Group,25JDBXZ2213H1ZB,North Joseberg,Colorado,India,86331,81133.09,2026-07-24
C00478,Deborah Webb,robinsonrose@example.org,+1-771-417-5957x49885,"Fleming, Moran and Meyer",27RZMXP5697O1ZA,South Timothymouth,North Carolina,India,39897,69816.12,2025-08-22
C00165,Steven Sandoval,blairabigail@example.net,+1-436-539-2649x578,"Taylor, Weaver and Mcbride",28ITSTH8141I1Z0,Forbesberg,Tennessee,Venezuela,74536,47054.04,2026-07-13
C00340,Amanda Santos,wwilliams@example.org,374.402.5883x586,"Hernandez, Rios and Hart",34DTYIR2259Y1ZE,Sandraland,Tennessee,India,63906,39863.6,2025-05-19
C00342,Angel Hines,mcleanmanuel@example.net,562.498.3347x743,Cervantes-Stokes,15MFLBO9176Q1Z7,East Arthurberg,Alabama,Guyana,53981,11864.32,2025-10-15
C00143,James Goodman,charles27@example.com,(539)542-3733x343,Huff LLC,19JXGHF4727R1Z6,Austinside,Arizona,India,63715,1513.42,2025-05-15
C00272,Craig Coleman,kevinray@example.net,947.815.6627,"Lynch, Hamilton and Moore",33YEBWY3419B1Z2,Port Rebeccaport,Rhode Island,India,70912,25671.23,2024-11-26
C00309,William Cunningham,uwilliams@example.org,805-346-8356x5215,"Aguirre, Hernandez and Matthews",32YELCS6493K1ZE,Lake Steven,South Dakota,India,12728,28759.25,2026-02-09
C00291,Connor Guerra,kleinjacqueline@example.net,(738)490-9728x321,"Gomez, Williams and Simpson",14KXHVR9624P1ZC,West Kevinport,Kentucky,India,28427,42398.3,2024-08-01
C00030,Robert Santana,charleslandry@example.net,664-674-3671x3695,Spence Ltd,34ZRAKR9727X1ZE,New Julieport,Wyoming,India,30663,47580.71,2025-11-14
C00389,Caleb Thomas,katherine91@example.net,(356)752-3734,"Benson, Ellis and Fletcher",34WPWQV4728S1ZB,Riveramouth,Vermont,India,34307,17134.15,2025-10-15
C00443,Douglas Hardy,mikewaller@example.org,9756633535,"Peterson, Leon and Hale",17IUYOK8546O1Z6,Port Lori,New York,India,74333,18929.2,2025-07-30
C00198,ZACHARY SMITH,evan79@example.net,001-207-372-6257,Barry-Cook,35CSBWR8622S1Z4,Port Gail,South Carolina,India,44501,15881.76,2026-02-22
C00476,Sheila Mendoza,mark48@example.org,7122840083,Powell-Lindsey,21DWNUS1990X1Z0,Port Zacharyville,New Hampshire,India,99918,1671.6,2025-08-13
C00448,Daniel Moore,jeremy08@example.org,7377003322,Avila-Santiago,14BGWSF9255B1Z4,Pierceton,Illinois,India,77790,91648.06,2024-08-27
C00179,Eric Murray,pallen@example.net,(776)515-3966,Bates Inc,23VTKFH6568L1Z3,Nguyenville,New Hampshire,Christmas Island,40875,28355.61,2025-06-11
C00301,Jon Stevens,jacobhenry@example.net,(340)442-2693,Simmons Group,24PZGUH8564I1Z4,New Coryfurt,Alaska,Bouvet Island (Bouvetoya),02277,50340.38,2026-03-15
C00064,  Alexandra Valdez  ,bryanwilson@example.com,(568)441-4593,Hernandez-Adkins,20MXASJ4335E1Z3,Port John ,Wisconsin,India,78595,25187.01,2026-06-09
C00121,Mr. William Mcgee Jr.,jgutierrez@example.net,7197948837,Velasquez Group,16VJXNM8619E1Z3,Jenniferville,Connecticut,Senegal,86865,16862.14,2025-01-19
C00311,KENNETH GOMEZ,whitekelsey@example.com,447.921.9705x4669,Hunt-Weber,29UXFRA1086G1ZC,Bakerton,South Carolina,India,84893,21643.91,2024-09-13
C00445,Christian Cochran,susanharper@example.org,403-688-4366x0443,Johnson Ltd,34WAFXD1256X1Z2,South Connie,Oklahoma,India,21076,10179.58,2025-11-04
C00044,Nancy Jennings,lucasrodney@example.com,4544235733,Phillips Inc,12GXIVH8260C1ZD,Nancyberg,Rhode Island,India,49878,99928.32,2024-11-27
C00439,Shawn Johnston,hollywarner@example.org,825.632.6949,Simmons LLC,37VPHAP9835R1ZE,Juanburgh,California,India,08577,34842.21,2024-09-17
C00426,Lori Harris,robert06@example.com,(343)374-9060x7231,Barrera Group,25ELIUK9806V1Z1,Stephaniefurt,Maine,Mauritania,38045,68066.16,2025-03-09
C00370,Joseph Schmidt,stephaniedougherty@example.com,001-226-787-7418x652,Townsend-Reed,13BNNJM1829Y1Z4,Haroldtown,Illinois,Kenya,47816,86429.97,2025-09-12
C00345,Amanda Zavala,ngeorge@example.org,+1-572-740-1078,Woods-Harrington,24OBDBX3828Y1Z9,New Cathy,Missouri,Pitcairn Islands,90101,81070.27,2026-02-24
C00438,Charles Hardin,lopezjennifer@example.org,5639301658,Erickson Group,37MTLES7184U1Z7,South Jacksontown,Colorado,India,23550,96418.02,2024-12-31
C00126,Holly Chapman,kimberlybrandt@example.com,621.422.8160x648,Silva LLC,21AVDTJ2129C1Z5,West Candice,Wyoming,India,82469,42063.87,2025-11-21
C00435,Eric Long,danieldonovan@example.net,854.415.9709,York-Lee,27RHBFU1987K1ZC,Lake Johnport,Kentucky,Kiribati,57248,47259.91,2025-04-19
C00217,Ryan Cobb PhD,karlwilliams@example.net,(839)519-1954x1987,Flynn-Pearson,24TGZTB5951Q1Z8,Jamesfurt,Kentucky,India,82416,4630.15,2025-09-04
C00142,GinaW ilson,nancy94@example.net,669.373.5779x071,Schultz-Gamble,33RSOZU9595A1Z4,Zacharytown,Vermont,Syrian Arab Republic,35018,83279.57,2025-02-08
C00279,Kathy Anderson,turneremily@example.net,827.217.8333x211,Hickman LLC,12YXROU9307Q1Z7,Lynnville,Texas,India,18294,55476.21,2026-07-17
C00225,Cynthia Hayes,mikesutton@example.com,607-325-6366,Hawkins Inc,13VPEWM8450Q1ZC,North Jonfurt,Maryland,India,52234,64206.28,2026-01-03
C00021,David Martinez,leslienewton@example.net,(333)574-9894,Perez-White,14ATIIR3621C1Z8,New Kellyberg,South Dakota,India,99170,38538.25,2025-08-16
C00277,Adrienne Aguilar,davisalexa@example.org,(598)747-7596x5555,"Ross, Bishop and Hester",12VZGAD6085S1Z9,Hardyberg,Alaska,India,79394,5783.32,2024-11-03
C00431,Christine Sullivan,cmurray@example.com,(575)755-6283x3339,Kelley-Gallagher,26AXPTN8298Z1ZB,South Daniel,Tennessee,India,59787,51373.46,2025-03-21
C00278,Diana Lyons,miguelmontgomery@example.net,986.830.5050x5739,"Salazar, Miller and Patterson",36EQSGU5703Y1ZC,Catherineberg,North Dakota,India,75460,97739.12,2026-04-01
C00137,Kevin Saunders,gary57@example.net,001-813-466-2103,"Davis, Alvarez and Mendez",17CYIGW7625H1Z2,South Donnaside,Alabama,India,89441,58197.4,2025-12-17
C00415,James Bailey,megangates@example.com,(498)835-4116x597,Baker Ltd,16FWVZC2845X1Z5,East Marcus,Delaware,India,25377,45945.56,2025-10-25
C00293,Courtney Foster,michael28@example.com,577-322-5605,Mitchell and Sons,20ZAVVC8967K1Z1,South Susan,Louisiana,India,16071,13842.78,2025-06-23
C00057,Jessica Khan,kathryn50@example.com,9986358416,"Becker, Wilson and Hester",24ZXYVJ6180X1ZC,East Carrie,Montana,India,66047,62153.81,2024-08-31
C00392,Paul Fuentes,judithcox@example.org,(515)581-4888x1079,Robles-White,14PPOST7765D1Z1,North Tiffany,Louisiana,India,72849,77519.73,2025-03-03
C00281,Jacob Shelton,aprilguzman@example.org,960-987-5243,Guzman and Sons,16VQZSC6267M1Z0,Kyleville,Louisiana,India,93106,95776.46,2025-10-19
C00358,Sarah Wallace,fsnyder@example.org,315-713-1528x547,Hamilton Ltd,19YHUMJ2292Q1Z3,Lake Courtneybury,Florida,India,77354,95639.53,2025-05-19
C00349,Alexander Franklin,sandra49@example.org,001-605-496-6018x64876,Mcdonald-Riddle,16PIARZ3275R1Z2,Christopherbury,Wyoming,Mauritius,39275,2725.77,2025-04-19
C00412,Dawn Sims,trichards@example.net,243.381.1995x3766,Kirby-Oconnor,37QOGVA5742Q1ZB,Tonyaland,Alabama,India,13756,56839.39,2026-02-04
C00086,Frank Wright,kburns@example.net,766-271-1684x577,"Davis, Stanton and Reid",19SWEYI9308Z1Z4,South Mallory,New York,India,35698,32685.67,2025-04-07
C00374,Cassandra Taylor,robert34@example.org,(744)774-1759,"Mills, Gallegos and Mcdaniel",12KCLYJ7442I1Z9,Lake Ryan,Tennessee,Sudan,89894,21592.93,2026-04-10
C00381,Bryan Burns,brendan95@example.com,(254)308-4245x60754,Dennis-Schmidt,21ZPLFI6555G1Z6,Lake Duane,New York,Jersey,36505,19985.88,2025-04-25
C00115,Haley Anderson,tgordon@example.org,804-447-8985,Ferrell-Henry,18WMKZZ7211B1Z5,East Jessica,Florida,India,28182,32751.9,2026-02-21
C00140,Michelle Martin,brockmadeline@example.com,+1-661-214-3519x066,Bowman Group,13AMQZH4155S1Z5,North Kristen,North Carolina,India,68109,53632.81,2026-01-24
C00016,Taylor Silva,gateskathy@example.com,805.946.6889x3734,Price Ltd,28RZZUK6155D1Z1,New Amanda,Montana,India,78081,39623.63,2025-10-12
C00149,Ellen Wright,scott22@example.net,(900)455-7784,"Ryan, Garza and Bryant",19VOKBH2395O1Z2,Reginafort,Ohio,India,30271,76467.9,2026-04-17
C00112,Charles Johnson,qbright@example.com,(460)499-3538x7584,Davis-Anderson,33QUZJW3704L1Z9,Destinybury,Minnesota,Czech Republic,98046,98074.13,2026-06-07
C00015,Sandra Kelley,juliawells@example.com,001-334-487-3471x43455,Hall Ltd,17JTNEA1525A1Z5,Amychester,Arkansas,India,27611,6712.24,2026-05-08
C00289,Sharon Arnold,mosleygeorge@example.com,(658)289-6792,"Palmer, Moore and Martinez",21YKVRD6082U1Z7,Jasminebury,Utah,India,80284,70912.52,2025-06-20
C00042,Emily Hayes,woodjustin@example.net,999-586-7980,Jacobs-Mason,13DCGZV5073T1Z1,New Debbieton,Kansas,India,93250,44916.49,2025-07-06
C00376,Alex Lamb,swatkins@example.com,001-367-834-5957x6403,Schroeder-Finley,36ZLBKG8710K1Z4,Oliviahaven,Illinois,India,74948,84732.52,2026-03-06
C00375,Gordon Schmitt,christopher34@example.org,840.218.2727x955,Haynes-Soto,21AKAEV1797V1ZB,East Robinport,Hawaii,India,61690,59792.13,2025-09-28
C00205,Linda Thomas,THOMAS85@EXAMPLE.ORG,001-961-406-4628,Lopez Group,30SJFCT4115L1Z3,Troymouth,Iowa,India,04018,72120.74,2026-04-06
C00212,Barbara Foster,figueroapatricia@example.org,853-953-9613,Hubbard-Miranda,12LRWYZ3306P1Z2,Kellyfurt,New York,Malawi,37055,72449.25,2024-11-22
C00251,Erica Richard,rhill@example.net,275.880.3046x875,Cook PLC,34ZBVOS1430B1Z3,East Jamesmouth,Maryland,India,08738,27399.71,2025-11-29
C00350,Amanda Hill,donna90@example.org,995-542-7707x0705,Brown-Mcmillan,27RNJUE7044C1Z9,West Katie,Louisiana,Eritrea,65372,55209.53,2024-11-06
C00209,Elizabeth Clark,colemankathryn@example.org,207-960-3108,Kerr Inc,14ETQAW9837G1Z6,New Jamieborough,Idaho,India,88397,91357.35,2025-04-30
C00253,Jessica Garcia,hansenkenneth@example.com,(319)763-9907x6769,"Pace, Logan and Gibson",14VLMGG7566A1ZC,New Kristineborough,Oregon,India,17013,63353.88,2025-12-08
C00334,Rebecca Roberts,portergina@example.com,+1-228-549-8247x41407,Petersen-Martinez,37FTABW6776Q1Z8,North Johnstad,Maine,India,66298,98004.73,2025-12-29
C00258,Rachel Murphy,sotojoshua@example.org,997.431.7912x86857,Marquez-Fox,29ETFER8242L1Z8,Littleshire,Tennessee,India,05298,75518.82,2025-01-07
C00287,Ronnie Bernard,brittanyramirez@example.net,+1-861-484-4626x714,"Harris, Soto and Adams",22OSPMT5655X1Z3,South Lorraine,Massachusetts,Solomon Islands,57337,65690.75,2025-05-21
BAD8,"",not-an-email,abc,,INVALID,,"",??,xx,-50.0,not-a-date
C00099,Kimberly Smith MD,timothy75@example.net,756.542.0593x04078,Garcia Ltd,37PRIYV2988D1Z9,New Meghan,Missouri,India,47005,46517.86,2026-07-27
C00069,Samuel Turner,lindamelendez@example.net,(568)282-6343x51751,Bennett-Jacobs,14CEMZW9938L1ZB,South Jason,Michigan,Gabon,02510,58292.71,2025-01-11
C00248,Andrea Davis,rivasjessica@example.com,(739)285-5474x35537,"Anderson, Nielsen and Lynch",21AARLA2697J1Z1,Farmerside,Colorado,India,85579,48270.72,2025-12-18
C00004,Lisa Hernandez,amberosborne@example.net,2955701543,"Arroyo, Miller and Tucker",35EWIXI1106I1ZF,Arroyoburgh,Kentucky,India,69664,34091.03,2026-06-08
C00183,Laura Bush,carpentersuzanne@example.org,(584)978-1891,"Harmon, Horne and Miller",11OIZLT6213N1Z0,West Amandatown,New Mexico,Korea,67696,81159.75,2026-07-04
C00027,Janet Weeks,michellehill@example.com,784-804-4997x27875,Cantu-Kane,27SPKYO9689X1ZA,Williamsfort,Virginia,India,50469,48911.71,2025-05-26
C00317,Lisa Jenkins,nbrady@example.net,978-890-4633,Gonzalez Group,17HWYDA7825P1ZF,Smithstad,Iowa,India,67028,8652.83,2025-03-08
C00450,Andrew Ballard,jameshudson@example.net,639-245-7039x4380,Gallegos LLC,31NFUYU9540U1Z2,Joyceburgh,New York,India,63438,27587.88,2025-10-09
C00161,John Mcgee,zbaker@example.net,(522)378-3769x38983,Frank-Morris,12KFHQA1653B1Z8,Michaelmouth,Minnesota,Nepal,86406,60410.99,2024-08-18
C00384,Monica Lynch,omatthews@example.net,586-478-0555x57277,"Price, Powell and Guerrero",14KFOFJ6373W1Z5,East Juliehaven,Mississippi,India,40351,99062.51,2025-03-14
C00071,Juan Silva,mphillips@example.com,969.937.8547,Oconnor LLC,35KIUIF1653L1Z6,New Arthurland,Texas,India,06859,25028.02,2026-03-16
C00147,Bryan Dillon,barbarasantos@example.net,(645)958-7716,"Frye, Oneill and Davidson",11VAONK5136Z1Z0,North Fernandobury,Massachusetts,India,42034,6627.81,2025-12-20
C00424,Lisa Torres,kelli08@example.org,214.299.8250,Cruz-Bell,19IDRBV7021G1Z2,New Nathan,Vermont,India,06362,13443.52,2026-07-08
C00085,Michael Chen,christinaglover@example.org,6956849825,"Adams, Hodge and Duke",31RGIWY6409A1Z5,West Michelleberg,Vermont,India,17893,12550.07,2025-02-09
C00284,Jennifer Johnson,randyturner@example.net,(361)376-4750,Martinez Ltd,24QGOBL9586K1ZF,Hillville,Pennsylvania,India,24237,91801.89,2025-05-25
BAD4,"",not-an-email,abc,,INVALID,,"",??,xx,-50.0,not-a-date
C00330,James Wheeler,gstone@example.net,5313310094,"Garcia, Perez and Oliver",35TZZZG9507O1Z3,Tylerburgh,Indiana,Guatemala,83980,72735.42,2025-03-11
C00394,Michelle Ramos,briannareid@example.com,9466947258,"Evans, Camacho and Wright",31RRJGT8837O1Z7,Rodriguezburgh,New York,India,01355,17400.92,2025-04-04
C00275,Angela Kent,bmartin@example.com,001-448-686-9461x195,"Clark, Goodman and Hale",30AKFAG6295E1Z5,Warrenport,Washington,India,56986,6921.8,2024-12-10
C00325,Kyle Garza,barbaramitchell@example.net,001-207-742-6088,"Smith, Harrison and Gallegos",11AUTRU6170W1Z4,Richardside,Wyoming,India,41549,98913.36,2025-08-18
C00249,Andre Collier,wchambers@example.com,+1-256-620-1753x703,"Morse, Howard and Davis",37NOTZT2773O1Z6,South Tammy,Arizona,Fiji,65098,36819.35,2026-07-03
C00432,Tina Berg,nwilliams@example.com,+1-826-486-2703,Terrell-Becker,24XJPZK1945Y1Z9,East Robert,New Jersey,India,32705,30886.14,2026-06-05
C00216,Joshua Johnson,abradley@example.com,3799056965,Vazquez and Sons,10VFGZW6374Q1Z2,Garrettport,Mississippi,India,57647,63576.85,2025-01-03
C00196,Jimmy Lee,theresa35@example.org,4907421776,Tanner PLC,22KYYON4945K1Z0,North Robert,North Dakota,Liechtenstein,28870,14397.46,2025-11-02
C00294,Jon Maldonado Jr.,vshaw@example.com,(511)202-2580,"Gallegos, Jordan and Harper",12ABESS5846F1ZD,Port Royberg,Washington,India,67510,54023.1,2024-12-23
C00070,Tonya Wilson,srocha@example.net,001-636-738-5467x854,"Andrade, Owens and Lang",14UEWUN8041X1ZE,Robertshire,Iowa,India,97658,36528.69,2024-11-21
C00420,Patricia Jones,morenojessica@example.net,339.322.0715,Berry-Rush,18YZAYS7284E1Z2,Port Matthew,Connecticut,India,41290,26772.73,2025-05-02
C00214,Kimberly Smith,ewingnicole@example.org,(875)467-7002x8427,Baldwin-Freeman,27HKRFQ3024J1Z9,Alvarezburgh,North Carolina,India,07806,74926.26,2025-05-30
C00419,Kristin Brown,thomas21@example.net,(914)694-0976x263,"Terry, Torres and Hall",15ZGAJX3303I1Z0,Michelleton,Virginia,India,99390,24879.9,2025-05-05
C00261,Theresa Underwood PhD,kennedywilliam@example.org,(733)537-3898x7751,Carrillo-Wolfe,29NCCJB1897X1ZA,New Morgan,Maryland,India,97206,94537.88,2024-08-07
C00006,Sonya Jhonston,kristenaguirre@example.org,216-856-6701,"Morgan, Hensley and Wright",21MICIB6635L1Z3,Stevenland,New Hampshire,Sri Lanka,72633,73000.21,2024-10-15
C00355,Wanda Anderson,wstrong@example.org,(783)941-5599x9101,Mccoy-Yang,27BSWES3981I1ZE,Lake Katie,North Carolina,India,11483,91080.16,2024-11-26
C00191,Dr. Robert Levy Jr.,brian06@example.org,487.982.9310,"Smith, Meadows and Montgomery",31PSPIA5708L1Z2,West Loriville,New Jersey,New Zealand,22873,43453.75,2026-05-10
C00093,Scott Sanchez,jcox@example.org,3867353654,Shaw Inc,31LOZHC6085Z1Z2,South Michelleport,Massachusetts,Benin,72995,14820.66,2025-07-20
C00350,Amanda Hill,DONNA90@EXAMPLE.ORG,995-542-7707x0705,Brown-Mcmillan,27RNJUE7044C1Z9,West Katie,Louisiana,Eritrea,65372,55209.53,2024-11-06
C00156,Matthew Williams,gregoryjohnson@example.org,531.309.6789x9405,Conrad and Sons,24PFFDZ2166O1Z2,West Angelachester,Mississippi,South Africa,93356,78804.02,2024-09-14
C00122,Henry Schultz,amy51@example.org,(372)861-4933,Bryant and Sons,29TVGWA2876C1ZF,Port Patriciamouth,Texas,Namibia,66587,10899.07,2024-11-12
C00060,Christopher Barr,amy49@example.com,934.784.3443,Bailey-Peck,15YURSH8179K1Z4,Huangfurt,Minnesota,India,19699,98724.58,2025-03-13
C00421,Jeffrey King,lopezrichard@example.org,(715)371-8409x080,Smith PLC,20AAUYT5947B1ZA,Micheleburgh,Illinois,India,83925,36019.25,2025-11-25
C00068,Donna Cabrera,barbara53@example.com,(483)864-4089,"Simpson, Compton and David",10QYYHU2832S1ZC,Russellport,Missouri,Colombia,99383,69132.86,2025-09-21
C00482,Amanda Phelps,heatherpatrick@example.com,344.266.3453x37220,"Golden, Hernandez and Bolton",17IJUES4700X1Z4,Gwendolynshire,Kansas,India,94694,84801.92,2025-08-09
C00043,Kelly Bishop MD,paul59@example.org,+1-451-751-8644x9251,Ponce-Hale,23ZIMTF4006T1Z3,Schneidermouth,Florida,India,88334,87461.15,2026-01-27
C00045,  Ronald Wies  ,jenniferwilliams@example.com,+1-937-994-7383x47359,Strickland-Shaw,36AKMZM1241I1ZC,Brettfort ,Mississippi,Micronesia,13947,84884.7,2026-02-03
C00453,Jennifer Dudley,douglassusan@example.com,001-847-934-0433x700,Baldwin Ltd,19DSXFM7167X1ZF,Hooverside,Hawaii,Holy See (Vatican City State),86825,47404.53,2026-07-01
C00152,Adrian Robinson,zcollins@example.com,(470)551-2046x187,Roth-Clayton,33HXTPY2625X1Z1,Wrightton,Illinois,India,60903,26538.15,2026-02-22
C00361,Jennifer Hart,jose56@example.com,866.540.4735x047,"Hutchinson, Herrera and Chan",29HNNVI6531M1ZB,Lake Andrewfurt,Colorado,Slovakia (Slovak Republic),92871,2934.51,2025-04-15
C00344,Kenneth Castaneda,reginald08@example.net,597-740-0564,Taylor PLC,32UVWQD9047P1Z1,Jonesshire,South Carolina,India,92656,85297.35,2026-05-10
C00088,Michael Young,padillaaaron@example.com,329-838-7005,"Anderson, Jones and Reyes",22UZGGU3851X1Z4,Derrickberg,Tennessee,India,89254,83389.14,2024-11-18
C00316,Jacqueline Cox,peggy81@example.net,876.765.5868x5127,Tran and Sons,32IBYSQ3352S1Z4,Waltersville,Colorado,India,14107,61519.48,2024-10-08
BAD2,"",not-an-email,abc,,INVALID,,"",??,xx,-50.0,not-a-date
C00180,Brian Cervantes,pmurphy@example.net,6138290227,"Lane, Gonzalez and Maldonado",19UTKYR9022T1ZE,Robbinsstad,Colorado,India,76880,48485.7,2024-08-06
C00497,John Robinson,danielgriffith@example.net,614-584-6019x134,"Velazquez, Foley and Andrews",35HLOFH5037A1ZC,North Mark,Vermont,India,73098,15506.67,2025-06-22
C00427,Deborah Juarez,mcarson@example.org,+1-373-528-0771,Whitaker and Sons,29FWSZE2341P1Z9,Gilbertmouth,West Virginia,India,19212,36242.31,2025-07-09
C00300,Deborah Anderson,mark00@example.com,642.540.8916,Walker-Adams,35LOZWZ8684J1Z1,Hallchester,Mississippi,India,19943,94718.3,2026-07-01
C00200,Arthur Reed,hmason@example.com,001-888-447-9513x711,Mullen-Jones,18KRHSJ8484F1Z4,Port James,South Dakota,India,03475,38530.86,2025-03-15
C00312,Danielle Nicholson,mooredaniel@example.com,(996)913-6715,"Nichols, Cardenas and Rodriguez",14LUGZX9991B1Z8,South Mark,Massachusetts,India,45383,28881.35,2025-11-12
C00198,Zachary Smith,evan79@example.net,001-207-372-6257,Barry-Cook,35CSBWR8622S1Z4,Port Gail,South Carolina,India,44501,15881.76,2026-02-22
C00305,Tony Dorsey,fbarnes@example.net,+1-578-383-6196,Ward and Sons,18BXJEI8361H1ZE,West Michaelberg,Maine,Kuwait,19393,9262.19,2026-05-10
C00160,Randy Bailey,hbutler@example.org,001-590-460-4805x8925,Nunez Group,32CWMKG7594F1Z3,South Keith,Montana,India,19901,49430.14,2024-11-10
BAD6,"",not-an-email,abc,,INVALID,,"",??,xx,-50.0,not-a-date
C00270,Crystal Jensen DVM,joel63@example.net,502-257-4326,Mclean PLC,19CVVIR6562U1Z2,New Latoyachester,Tennessee,India,38309,16896.46,2026-03-05
C00250,Lisa Smith,rrodriguez@example.net,672.583.9992x19212,"Daniel, Hill and Abbott",34BSRIN5564Q1Z2,Smithchester,Tennessee,Peru,85701,84531.0,2024-09-09
C00343,Andrea Lopez,nlee@example.net,385.459.8217x6619,"Evans, Wilson and Hall",34MIVBO5264S1Z9,Peterstad,California,India,21192,61226.53,2025-03-11
C00134,Vicki Sutton,seanwhite@example.net,+1-727-850-3731x45303,Hardin-Keith,18CPUGT5526H1ZA,Maryview,Pennsylvania,India,71850,19186.54,2025-10-16
C00484,Thomas Knight,adrianlogan@example.com,(817)252-0238x97432,Welch Ltd,25VZNXV1919A1ZA,South Kelseyhaven,Illinois,Croatia,19874,8360.34,2025-04-15
C00234,Amber Smith,fpetty@example.net,001-998-540-7678,"Brown, Smith and Ray",34JERPA6931E1ZD,South Cindystad,New Hampshire,India,91925,22232.82,2025-07-04
C00407,Victoira Adams,markbrooks@example.org,001-506-403-2020,Morris-Armstrong,27EWMOK3587Z1Z8,Haneymouth,South Carolina,India,34947,88076.68,2025-09-27
C00166,Barry Patel,whitemary@example.org,001-205-666-4742x3122,"Bradley, Hall and Hall",23RBWFS6460X1Z5,Andersonfort,Virginia,India,85641,85787.54,2025-05-17
C00187,Melissa Bell,johnathan00@example.net,409-839-1119,"Gallagher, Wong and Pratt",30LHSLQ3529S1ZC,Guerreroland,South Dakota,India,59934,96923.44,2026-07-17
C00460,Rhonda Gould,garciadonald@example.net,+1-890-977-5608x581,Ramirez PLC,31SBEEF4555Q1Z0,Thomashaven,Kansas,India,18526,90712.58,2024-11-01
C00274,David Gentry,william75@example.net,4666337050,"Gibson, Becker and King",25MLQKA8601H1Z9,Lake Jenniferfurt,Montana,India,93046,88216.61,2025-10-29
C00477,Jose Estrada,lutzeric@example.com,674-222-3196x46300,Lee PLC,27MAZJB7739J1ZA,Veronicaborough,Alabama,India,09181,72247.05,2024-12-04
C00052,Justin Green,jane39@example.com,001-373-612-1727x155,York-Joseph,37SOLYX4044G1ZC,North Tracie,Florida,India,31530,67553.73,2026-04-05
C00295,Randall Lin,elizabethpatterson@example.com,001-218-692-3923x126,Hickman Group,33BNMFD9626Y1ZB,Warrenbury,Iowa,India,44564,87651.64,2025-06-26
C00032,Shannon Ramsey,zcoffey@example.net,(716)304-8175x496,"Hall, Johnson and Henson",16JUNOP9835E1Z1,Blankenshipport,Tennessee,Ireland,15793,39959.33,2024-11-16
C00407,Victoria Adams,markbrooks@example.org,001-506-403-2020,Morris-Armstrong,27EWMOK3587Z1Z8,Haneymouth,South Carolina,India,34947,88076.68,2025-09-27
C00486,Matthew Williams,elizabethriley@example.com,308-630-3736x060,"Olsen, Payne and Butler",13GUYXO9653Y1ZB,Kaylaton,New York,India,76545,90137.17,2025-01-12
C00445,Christina Cochran,susanharper@example.org,403-688-4366x0443,Johnson Ltd,34WAFXD1256X1Z2,South Connie,Oklahoma,India,21076,10179.58,2025-11-04
C00385,Jocelyn Mcdonald,colleenjackson@example.com,001-466-804-8736,"Rush, Martinez and Foster",33NHKSL5902K1Z5,Piercestad,Wisconsin,India,29042,51020.44,2025-06-20
C00142,Gina Wilson,nancy94@example.net,669.373.5779x071,Schultz-Gamble,33RSOZU9595A1Z4,Zacharytown,Vermont,Syrian Arab Republic,35018,83279.57,2025-02-08
C00067,ALEXANDER EVANS,opatel@example.org,352.343.1069x033,"Johnson, Harper and Warner",18DPVCZ3647C1Z9,New Jeff,Wyoming,India,07899,42825.92,2024-11-16
C00109,Jennifer Deleon,thompsonnancy@example.org,9308705345,"Leblanc, Maldonado and Allen",19FMCLE7389L1Z8,Maxview,West Virginia,India,90790,73489.94,2024-10-09
C00360,John Robles,iharper@example.com,713-314-6753x6127,Terry-Bush,30XEZFM3762A1ZE,North Kelly,North Carolina,India,28695,62485.47,2026-06-22
C00002,Melinda Jones,amandasanchez@example.com,(748)535-0305x6413,"Porter, Wilkerson and Day",12JQIPV4582J1Z2,Juliechester,Pennsylvania,India,52851,2750.94,2025-05-08
C00199,Kayla Kent,pamela16@example.com,590.355.2818x325,"Mendoza, Crosby and Carpenter",24SNWVW6661O1Z4,Michaelview,North Carolina,India,89659,42488.46,2025-06-24
C00219,Rodney Lucas,gloria36@example.org,823-803-4778,"Bullock, Harris and Nelson",27BQYZR3222Q1Z7,Lake Melissa,Washington,India,64181,67081.57,2026-03-30
C00303,Jennifer Smith,andrewsimmons@example.org,(343)761-7213x145,Ward Inc,18CMJLB1854H1Z0,Carolchester,Georgia,Uganda,87961,55498.62,2026-01-15
C00230,Sandra Hunt,ygriffin@example.com,299-761-6592x661,Rhodes-Holland,14TJFHO9850P1Z3,West Taylorland,New Mexico,French Southern Territories,19979,11081.64,2024-11-07
C00101,Sheena Brown,brendastark@example.org,751.456.9154x52267,"Novak, Steele and Mcfarland",26YWOQL7991L1Z9,Parkerport,Florida,Christmas Island,96030,74391.18,2024-08-01
C00452,Charles Bryant,davidfields@example.net,6726011379,Warner Group,21EUSJN7244E1Z5,Gregorytown,Arizona,India,65699,40885.09,2025-07-01
C00314,Ronald Davis,wpeterson@example.com,(735)867-7826,Hoffman PLC,29MEUQL8489N1ZC,West Elizabeth,Washington,India,97866,90524.17,2026-05-02
C00377,Matthew Kramer,wallerkyle@example.org,(476)527-0232x441,Kim Ltd,23PJRJX3194X1Z3,South Erikville,New Mexico,Mexico,90519,76409.29,2025-06-02
C00014,Courtney Gonzalez,williamstracey@example.net,001-517-469-3676x32016,"Holmes, Williams and Wright",27HDIZD4598Q1Z5,Stephaniemouth,South Carolina,Suriname,94777,77622.39,2026-06-23
C00202,Jesus Jackson,jennifermitchell@example.org,001-422-531-0592x745,"Mann, Wade and Spence",19JXCIK5837I1ZA,Davidtown,Montana,Venezuela,65960,65857.16,2026-03-19
C00221,Jessica King,henrynicholas@example.org,286-573-4257x54090,Tran-Parker,23SXZRH2622I1Z0,Port Scott,Alabama,India,52009,93911.4,2026-07-21
C00336,Elizabeth Miller,ygardner@example.com,828-975-8575,Ali-Murray,31JBXAF3621W1ZA,New Rebecca,Kansas,India,76565,60796.53,2025-09-01
C00327,Rebecca Gray,sarasilva@example.org,(552)996-7188,"Henry, Ramirez and Barton",19EOFQX6848S1ZB,West Angelicabury,Texas,Oman,96874,33259.28,2026-05-26
C00095,Valerie Thomas,christopher38@example.com,001-257-819-1826x199,"Brandt, Young and Green",24UZZSV7790U1Z1,Shawnbury,California,Western Sahara,27070,38459.45,2024-11-13
C00094,Curtis Elliott,jodi37@example.com,001-573-783-2060,"Franco, Wiley and Tapia",11AWQYV5011U1Z0,Daltonhaven,Kansas,India,55527,76872.08,2025-08-17
C00322,Nicholas Case,joshua31@example.com,001-684-877-6863x423,Silva PLC,36TKYNU3868F1Z9,Andradechester,Rhode Island,San Marino,36109,47905.26,2026-04-25
C00207,Anthony Ward,brandon48@example.net,783-621-9285,Jennings-Barker,19GILWJ8222A1ZB,New Juan,Wyoming,India,64057,73262.74,2025-06-16
C00408,Patrick Rios,matthew24@example.com,387.515.8415x6082,Greer-Martinez,25TSIWT8822C1Z1,Tranland,North Carolina,Cocos (Keeling) Islands,52609,28795.78,2026-04-28
C00118,Robert Sawyer,michael56@example.net,610-302-2557,Briggs-White,21ZZDRY4673S1ZC,Marshburgh,Delaware,Bulgaria,91749,65210.29,2026-02-15
C00236,Heather Moore,romanmatthew@example.org,+1-431-383-7455x084,"Williams, Shah and Lloyd",11WHGYN8847N1Z7,Port Annahaven,Connecticut,India,22396,10885.39,2025-12-02
C00218,Phillip White,burtonzachary@example.org,001-273-574-8969,Ford-Allen,11VRWTB5986A1Z0,Michelleland,South Dakota,India,27181,23556.52,2026-05-19
C00286,Sarah Johnson,huntermichael@example.net,(960)434-0848,"Henry, Edwards and Bartlett",30WMIGN6482S1ZC,Lake Loribury,Arizona,India,25152,55840.52,2024-11-18
C00169,Steven Huang,udavis@example.net,+1-821-811-7518x6892,Tate LLC,13KQJKJ7622L1ZA,South Kylemouth,Maine,India,82611,54305.1,2024-12-18
C00081,Mrs. Carrie Moore,omullen@example.com,+1-522-566-0937x9660,Goodwin-Stokes,18EKGZI3925L1Z3,Markmouth,Delaware,India,34888,59697.47,2026-01-02
C00282,Ronald Simpson,zbrown@example.com,(233)802-7642,Henderson-Kennedy,24WWZZE2695H1Z5,Justinborough,Vermont,Togo,72329,8524.48,2025-06-01
C00089,Justin Bishop,scottbowen@example.net,001-826-797-3112x1965,Wright Ltd,19FPJMM5700U1Z1,Kimberlytown,Texas,India,40038,58040.48,2025-01-06
C00321,  Erik Odonnell  ,hectorsmith@example.org,+1-699-301-5579x98028,Obrien PLC,13BHGWJ6447N1ZE,Dannyborough ,Alaska,India,43432,54646.77,2024-11-15
C00124,Mackenzie Harris,glenda22@example.net,+1-651-858-7996,Mills Inc,12YJDQD4978M1ZD,Karenburgh,Maine,India,90074,30228.11,2025-02-10
C00379,Cole Clark,ydavis@example.net,(862)444-6704,Sanders PLC,21GDZFW5728R1ZC,Lake Michelletown,Hawaii,India,42316,45090.4,2024-11-07
C00084,Jim Newton,hdunn@example.net,848-358-0783,"Greer, Potter and Evans",26CCQWF9821C1Z1,Port Lisaborough,West Virginia,India,77561,7090.38,2026-01-17
C00204,  Samuel Rhodes  ,daughertypreston@example.com,799-780-5626x56504,Madden-Sawyer,36FNUCV5689A1Z2,Robertschester ,Washington,India,54790,35296.86,2024-11-16
C00346,John Hughes,bdominguez@example.net,(582)317-1955x35603,"Smith, Gutierrez and Goodwin",37ZYIKC6236Z1Z6,Port Jenniferton,California,Azerbaijan,17109,55044.72,2025-07-06
C00055,Tyler Webb,eevans@example.net,4277677359,"Flores, Travis and Reed",26ZIWXG6183J1Z3,West Johnville,Louisiana,India,59430,71647.56,2025-02-08
C00331,Donna Smith,wesleygraves@example.com,001-843-725-1225x7207,Thompson LLC,12EKRWA8055M1ZF,Tarashire,Alabama,India,64504,32189.02,2026-06-09
C00052,JUSTIN GREEN,jane39@example.com,001-373-612-1727x155,York-Joseph,37SOLYX4044G1ZC,North Tracie,Florida,India,31530,67553.73,2026-04-05
C00434,Joseph Montgomery,annafuller@example.net,431-227-1026x767,"Watts, Meyers and Galvan",28LKLCB2196F1ZB,Nicoleland,Mississippi,India,09530,70068.45,2024-12-15
C00011,Cynthia Martin,nicolejohnson@example.net,563-542-1607x33754,Keller Group,21VREXR6820W1Z1,Frazierside,Michigan,India,04118,70211.85,2024-10-28
C00058,Chad Cook,jstone@example.net,925.695.2694x95888,Cabrera-Richardson,28RHALT2638Y1ZC,New Thomasshire,Oregon,India,30325,50637.88,2026-02-11
C00298,AUTUMN GRAHAM,gbarnes@example.org,(894)924-0903,"Patel, Palmer and Jones",33CWGYJ4891X1Z9,Moralesview,Indiana,India,24626,75263.88,2024-08-02
C00414,Teresa Li,bcaldwell@example.org,001-620-751-4607,"Cooper, Beltran and Wright",26CYDUD9092S1ZE,Kaylaburgh,Indiana,Moldova,72233,46855.27,2025-12-16
C00022,Adam Mitchell,lalexander@example.org,671-316-7190x229,Wilson Group,29MMYNO8668X1Z3,Hayesmouth,Maryland,Tokelau,77640,86091.89,2025-06-29
C00153,Kelly Hendrix,tprice@example.com,(708)281-4743,"Robinson, Rodriguez and Chen",12UAKYR3573L1Z2,South Kristinatown,Arizona,India,76663,7598.98,2026-03-31
C00034,Maria Harper,williamsmatthew@example.org,001-431-283-9335,Garrison-Thomas,17IIQZL4681H1ZC,East Alexisbury,Pennsylvania,India,42938,58872.04,2024-08-12
C00163,Wendy Neal,bennettrebecca@example.net,9422043940,Price LLC,28QQXGB1339S1Z3,Hallfurt,North Carolina,India,93521,76334.59,2024-10-16
C00231,Elizabeth Wright,dphillips@example.net,608-718-6617,Richards-Mack,37BHVQD1422L1ZE,Port Phillip,Colorado,India,55059,79019.47,2026-06-11
C00356,Linda Wood,cgray@example.org,894.613.4750x98898,Cruz-Todd,11JCVUN3034B1ZE,Barbaramouth,Connecticut,India,46028,16280.5,2025-03-09
C00369,Lisa Blankenship,garylogan@example.org,292-422-7051,"Aguirre, Coleman and Ruiz",17TGWHP8642J1ZD,Bennettfurt,Virginia,India,62691,24867.1,2025-05-02
C00224,James Patterson,edward52@example.net,508-667-7133,Francis-Reyes,30BNMNS6876U1ZB,South Henry,Georgia,India,04272,19061.88,2025-03-13
C00049,Sandra Cohen,zwelch@example.org,670-843-0305,"Kennedy, Johnson and Lucas",35SWXDP8973V1ZE,Davidstad,Nevada,India,52932,21848.32,2026-02-28
C00243,Stacy Lewis,jsmith@example.com,806-979-4975,"Bass, Anderson and Taylor",23ODWCQ6120C1Z3,Port Jessica,Colorado,India,82390,15348.63,2025-12-29
C00047,Joan Smtih,smithjason@example.org,+1-298-561-4341,Fowler-Dean,11EHFMI3697B1Z7,Lake Douglas,Nevada,India,00706,39103.13,2025-11-20
C00247,Justin Glover,ashley71@example.net,632.458.2386x87007,Brown Group,34RMQRY7929W1ZB,New Mary,Maine,Aruba,21658,60080.97,2026-02-25
C00266,Megan Murray,julie36@example.org,3415257771,"Dodson, Taylor and Hoover",20KKBMG8033L1Z7,Davidfurt,Hawaii,Belarus,88501,41827.63,2026-03-16
C00105,Richard Ruiz,christopher86@example.org,(265)427-0477x434,"Contreras, Miller and Cooper",27IAWLO2320J1ZE,Port Paulhaven,Nebraska,India,70691,38365.23,2026-01-15
C00401,Ronald Smith,marcushernandez@example.org,001-558-473-9592,Parker Inc,35BIMCX3399I1Z4,Stephaniemouth,Massachusetts,India,30661,95535.84,2025-12-24
C00233,Regina Miller,alexanderrodriguez@example.org,001-930-437-2368x314,Henderson-Wilson,33JVSCF7897E1ZD,Port Shannonbury,Illinois,French Polynesia,75137,47676.97,2026-05-06
C00175,Shawn Watson,javier42@example.org,(903)617-8078x235,Thomas-Wiggins,24HRINU2924C1ZE,Hugheshaven,Delaware,India,01039,71688.67,2025-03-29
C00159,Anna Stevens,devonrichardson@example.net,334.741.9693,Thompson-Petersen,19SSKGM5728P1Z9,Benjaminshire,Missouri,India,10787,68898.93,2026-03-28
C00178,Michael Mckinney,oruiz@example.org,+1-345-762-5577x017,Murray-Jackson,26XWMKI3236G1ZC,South Lisaville,Massachusetts,India,73396,79021.62,2025-12-17
C00072,Chad Mccoy,mannalbert@example.net,250.299.7700x886,"Bowen, Nichols and Mitchell",13GSRBZ6794L1Z8,North Alicebury,Illinois,Niger,69504,74972.81,2025-02-12
C00373,Sarah Everett,joshua51@example.com,291.497.1112x125,Robinson LLC,26DFUPT8648R1Z0,Lake Katelyn,Florida,Georgia,07491,49787.29,2025-05-21
C00481,Eddie Bridges,elizabeth10@example.org,351-609-1090x3267,"Carter, Copeland and Jones",22NSIED2294M1Z6,Erichaven,Connecticut,Luxembourg,79994,45953.87,2025-01-20
C00200,Arthur Reed,HMASON@EXAMPLE.COM,001-888-447-9513x711,Mullen-Jones,18KRHSJ8484F1Z4,Port James,South Dakota,India,03475,38530.86,2025-03-15
C00059,John Warren,rhernandez@example.org,8915307562,Shaw-Carr,14EVUDT6718I1ZC,New Mark,Texas,Lesotho,69376,37015.76,2025-05-19
C00258,  Rachel Murphy  ,sotojoshua@example.org,997.431.7912x86857,Marquez-Fox,29ETFER8242L1Z8,Littleshire ,Tennessee,India,05298,75518.82,2025-01-07
C00425,Jim Lopez,jenniferjones@example.org,439.890.0631x4035,Watson Group,14CJJMP8454N1Z6,Nicolechester,Utah,India,75282,54968.53,2026-02-02
C00302,Taylor Anderson,adamssheena@example.net,9014851327,Rivera-Moore,23DISRO3655I1Z1,North Malloryville,Ohio,French Polynesia,13944,13926.01,2025-09-01
C00107,Angie Hawkins,melissa87@example.org,001-399-386-1622x999,"Chan, Floyd and Dillon",24WAQYP7812F1ZB,Johnsonview,Montana,India,19356,42072.34,2025-11-23
C00494,Jared Garza,joseph91@example.net,(349)570-1693x42929,Dawson and Sons,29PVCUE7499R1Z5,Andersonborough,Louisiana,India,15261,27405.37,2025-10-20
C00025,Julie Pearson,howard96@example.net,817.256.5512x5674,Miller-King,33HXZGA5315Q1ZF,Gutierrezborough,North Dakota,India,47920,10730.44,2025-11-26
C00353,Jennifer Quinn,lawsondonna@example.net,754.339.4353x537,"Allen, Oconnor and Beard",12XFWJG3053E1Z5,Denisebury,New Hampshire,India,55400,45052.45,2025-01-25
C00154,Melissa Moore,wrightvincent@example.net,+1-750-905-2812x735,"Lee, Norris and Howard",10IQCFT7693C1Z9,Amyfort,Illinois,India,74779,47044.26,2024-12-22
C00275,Angel aKent,bmartin@example.com,001-448-686-9461x195,"Clark, Goodman and Hale",30AKFAG6295E1Z5,Warrenport,Washington,India,56986,6921.8,2024-12-10
C00474,Laura Monroe,hwalton@example.com,(687)320-3195,"Strong, Reyes and Evans",36BUFMW1794B1ZA,South Kimberly,Wisconsin,India,19790,84270.22,2025-07-15
C00400,Madison Navarro,mccannkimberly@example.net,(681)997-9316,Preston-Gamble,27JPVEL7220P1Z7,Shawnchester,Alaska,Iran,75833,95465.43,2025-03-16
C00383,Rebecca Benson,brooksthomas@example.com,524-280-9624x406,Sandoval-Hill,20DMYOU8761G1Z9,East Andrew,Massachusetts,India,29475,89323.86,2024-09-18
C00456,Courtney Schneider MD,jenniferbarry@example.net,372-514-3643,Smith LLC,14HNLXR7363E1Z2,West Shaunville,Nevada,India,47361,33093.27,2025-12-26
C00226,Walter Hansen,jorgegordon@example.com,921.658.6241x502,"Ward, Jordan and Orr",29QNWQH1349U1ZB,Staffordmouth,West Virginia,Liechtenstein,20327,24432.53,2025-10-05
C00405,Erin Onael,mossdrew@example.com,7865982210,Barnes Inc,26HEDAI4697C1Z2,Port Carrie,South Dakota,India,00595,41388.81,2025-03-29
C00227,Mary Yates,lopezbrian@example.org,9747276170,"Hoffman, Ellis and Rodriguez",14UJHWF4362N1ZC,Henryburgh,West Virginia,Malawi,36256,55465.36,2025-10-11
C00264,Karen Munoz,briana87@example.com,702.971.6938,Ford-Williams,17FSPDW9196S1Z6,Peterburgh,Nebraska,India,33155,86190.26,2024-12-17
C00100,Sarah Thompson,linda59@example.org,001-259-392-9378x427,Hall and Sons,26BHEAV6198N1Z9,Port David,Virginia,India,23761,71955.47,2026-07-14
C00010,Amber Walters,bradley52@example.net,727-486-8011x280,Anderson-Parker,22YCWNR5554P1Z9,West Kimberlychester,South Carolina,India,98736,36546.73,2024-11-28
C00108,Melissa Williams,hannah07@example.com,(705)644-4713x247,"Butler, Brewer and Lopez",34NAVFW1320H1Z7,Lorihaven,Hawaii,India,09101,94279.89,2025-03-29
C00440,Steven Brown DDS,wmiller@example.net,701.959.5919x457,Porter-Hines,15UIVMO9802L1Z7,North Hannah,Nebraska,India,61442,72813.03,2026-06-14
C00339,Jessica Barrett,reynoldsdaisy@example.org,(632)388-3774,"Vasquez, Contreras and Myers",29SZGDA3513B1Z9,North Justin,Delaware,Mongolia,51544,37264.14,2024-08-08
C00409,Yvette Lee,kimberlygonzalez@example.net,(489)729-8808x583,Garcia and Sons,19OONOW1969T1ZC,New Sheri,South Carolina,India,56077,23298.8,2026-05-28
C00045,Ronald Wise,jenniferwilliams@example.com,+1-937-994-7383x47359,Strickland-Shaw,36AKMZM1241I1ZC,Brettfort,Mississippi,Micronesia,13947,84884.7,2026-02-03
C00170,Carlos Harris,alexander77@example.net,9973339776,"Greene, Sanchez and Kelley",23NOJND1888L1Z1,North Denise,Arizona,India,19555,62301.12,2026-05-25
C00363,Danielle Nelson,hessnicholas@example.com,(441)311-8600,"Chapman, Myers and Decker",30TYUBG1496V1Z0,West Joshuaborough,Connecticut,Estonia,86490,54603.19,2025-10-21
C00254,Heather Olson,ilopez@example.org,4244968549,Parker-Cooper,10XAHLQ2503R1Z1,North John,Oklahoma,India,07658,45419.21,2025-06-23
C00111,Loretta Silva,hunteileen@example.com,+1-699-744-1715,Green-Dawson,10PTMJH7371W1Z5,North Linda,Rhode Island,India,53466,79834.42,2025-12-26
C00087,Gail Lane,rkramer@example.org,8175012770,"Blankenship, Khan and Turner",32RFPXQ5844F1ZE,Elizabethburgh,Arkansas,India,52450,66526.45,2025-11-28
C00368,Mark Ware,courtney34@example.com,(594)659-6488x31921,Baker Inc,22IZHLP3142X1Z6,Riverashire,Rhode Island,India,36839,10707.77,2026-04-19
C00037,Meagan Jenkins,uparrish@example.org,794-351-9832x7315,Andrews-Aguirre,17JXNNR5562P1Z0,New Sarahview,Alaska,India,24148,13317.95,2025-02-28
C00428,Amanda Peck,kaylahardy@example.org,001-202-854-2573,Hernandez-Carter,28EOLOM2838V1ZB,Johnsonmouth,California,Tajikistan,32715,90298.53,2025-11-10
C00252,Alyssa Reynolds,WATKINSCONNIE@EXAMPLE.COM,931-373-5058x319,"Griffin, Martinez and Villegas",34CYUSE6062Y1Z5,North Samantha,New Hampshire,India,07682,18222.42,2025-03-22
C00410,Anthony Costa,hphillips@example.com,375.224.0148x4399,Taylor-Castillo,33KWZPZ1611Y1ZF,Lake Robert,Pennsylvania,India,25846,83776.73,2025-02-09
C00490,Alicia Beck,deborah60@example.com,712.319.8819x277,"Cochran, Hartman and Little",22PTIBS2260C1Z4,North Sheilaberg,Vermont,India,34354,24123.17,2026-04-25
C00459,Jasmine Buckley,kingdavid@example.net,527.942.0495x6121,Wright-Hughes,11VZPLX2192Y1Z1,West Ianmouth,Utah,Myanmar,65165,58799.61,2025-01-24
C00075,Raymond Johnson,kristen77@example.org,(386)662-9619x431,James Ltd,35JVYUX5065G1Z3,North Sherrymouth,Mississippi,India,35859,70157.69,2024-10-18
C00386,Diana Townsend,beckgloria@example.net,001-858-688-6367x74722,Patel LLC,25WDPLR5911G1Z0,Carpenterchester,Nebraska,Isle of Man,25257,36898.95,2025-12-07
C00433,Pamela Tucker,lowekristin@example.org,5006515532,Cox LLC,10LCEVT7487L1Z3,Kevinside,Hawaii,United Arab Emirates,20426,74605.87,2024-12-04
